"Ticker","Date","Price","ChangePct","Signal","Regime","Quadrant","RVol","AgeDays","Score","RiskPct","RewardRisk"
"BRPT","2026-05-05","2300","24.661246612466126","SMART SNIPER","EXPLOSIVE BULL","LEADING","2.18","0","5270","22.39","3.01"
"NIKL","2026-05-05","364","24.65753424657534","SMART SNIPER","EXPLOSIVE BULL","LEADING","11.76","0","5270","26.37","2.98"
"KONI","2026-05-05","2980","24.686192468619247","SMART GAMMA","EXPLOSIVE BULL","LEADING","2.81","0","5220","38.93","2.99"
"RBMS","2026-05-05","77","10","SMART GAMMA","EXPLOSIVE BULL","LEADING","3.38","0","5220","48.05","3"
"ABDA","2026-05-05","3810","24.91803278688525","G ACC","EXPLOSIVE BULL","LEADING","5.24","0","5170","39.37","2.99"
"NEST","2026-05-05","535","24.418604651162788","G ACC","EXPLOSIVE BULL","LEADING","7.72","0","5170","44.3","3"
"LPIN","2026-05-05","486","2.100840336134454","G ACC","EXPLOSIVE BULL","LEADING","4.22","0","5170","11.11","3.04"
"DIGI","2026-05-05","41","7.894736842105263","G ACC","EXPLOSIVE BULL","LEADING","2.93","0","5170","34.15","3"
"AGII","2026-05-05","3180","11.188811188811188","V-SHAPE","EXPLOSIVE BULL","LEADING","2.44","0","5070","14.78","3"
"ENZO","2026-05-05","97","34.72222222222222","BETA BREAKOUT","EXPLOSIVE BULL","LEADING","5.42","0","5020","46.39","3"
"CENT","2026-05-05","110","10","SMART SNIPER","SIDEWAYS","LEADING","2.28","0","4770","11.82","3"
"IOTF","2026-05-05","67","6.349206349206349","SMART SNIPER","SIDEWAYS","LEADING","5","0","4770","10.45","2.71"
"HMSP","2026-05-05","770","3.3557046979865772","SMART SNIPER","SIDEWAYS","LEADING","1.44","0","4750","9.09","3"
"BOLA","2026-05-05","171","0.5882352941176471","SMART SNIPER","SIDEWAYS","WEAKENING","1.48","0","4650","3.51","4.5"
"TIFA","2026-05-05","358","5.9171597633136095","V-SHAPE","SIDEWAYS","LEADING","13.3","0","4570","8.94","3"
"PIPA","2026-05-05","161","20.149253731343283","V-SHAPE","SIDEWAYS","LEADING","12.3","0","4570","19.88","3.03"
"PTRO","2026-05-05","5900","16.25615763546798","V-SHAPE","NORMAL UPTREND","LEADING","1.35","0","4550","20.34","3"
"GEMA","2026-05-05","89","1.1363636363636365","V-SHAPE","NORMAL DOWNTREND","WEAKENING","1.58","0","4450","5.62","1.8"
"CLEO","2026-05-05","398","1.015228426395939","EARLY SWEEP","SIDEWAYS","LEADING","0.38","0","4100","2.96","5"
"SMRA","2026-05-05","316","1.935483870967742","EARLY SWEEP","NORMAL DOWNTREND","LEADING","0.39","0","4100","6.93","3.07"
"UDNG","2026-05-05","1105","9.950248756218906","EARLY SWEEP","SIDEWAYS","LEADING","1.22","0","4100","20.79","2.99"
"INDO","2026-05-05","156","0","EARLY SWEEP","SIDEWAYS","IMPROVING","1.92","0","4050","34","3"
"JARR","2026-05-05","2190","2.336448598130841","EARLY SWEEP","SIDEWAYS","LAGGING","0.31","0","4000","23.71","7.91"
"RATU","2026-05-05","6350","6.722689075630252","EARLY SWEEP","SIDEWAYS","WEAKENING","0.53","0","4000","40.78","3"
"GTSI","2026-05-05","230","4.545454545454546","EARLY SWEEP","SIDEWAYS","LAGGING","0.29","0","4000","21.56","1.62"
"BABP","2026-05-05","52","1.9607843137254901","EARLY SWEEP","SIDEWAYS","LAGGING","0.46","0","4000","8.77","3"
"KLIN","2026-05-05","149","1.3605442176870748","EARLY SWEEP","NORMAL DOWNTREND","LAGGING","0.36","0","4000","23.81","3"
"MINA","2026-05-05","380","-0.5235602094240838","HOLD","EXPLOSIVE BULL","LEADING","2.18","1","1618","43.46","3"
"HERO","2026-05-05","505","-14.40677966101695","HOLD","EXPLOSIVE BULL","LEADING","10.88","1","1618","36.95","3"
"LTLS","2026-05-05","830","-1.1904761904761905","HOLD","EXPLOSIVE BULL","LEADING","4.4","1","1618","10.71","3"
"BCIP","2026-05-05","85","-4.49438202247191","HOLD","EXPLOSIVE BULL","LEADING","9.88","1","1618","26.97","3"
"SMMA","2026-05-05","16000","3.059581320450886","HOLD","EXPLOSIVE BULL","LEADING","5.32","5","1610","12.98","3"
"TOOL","2026-05-05","97","12.790697674418606","HOLD","EXPLOSIVE BULL","LEADING","2.82","6","1608","43.62","3.02"
"CTTH","2026-05-05","174","20","HOLD","EXPLOSIVE BULL","LEADING","3.37","11","1598","59.63","3.01"
"PNGO","2026-05-05","3900","0.7751937984496124","HOLD","EXPLOSIVE BULL","LEADING","7.06","22","1576","12.61","3"
"GSMF","2026-05-05","128","9.401709401709402","HOLD","EXPLOSIVE BULL","LEADING","3.48","28","1564","46.53","3.01"
"YPAS","2026-05-05","1290","-14.85148514851485","HOLD","EXPLOSIVE BULL","LAGGING","5.96","1","1518","29.37","3"
"BOBA","2026-05-05","306","24.390243902439025","AVOID","EXPLOSIVE BULL","LAGGING","3.59","8","1504","40.84","3.02"
"FAPA","2026-05-05","7025","0","HOLD","EXPLOSIVE BULL","LAGGING","3.24","11","1498","13.17","3"
"FITT","2026-05-05","440","6.796116504854369","AVOID","CRASH / SELL-OFF","LEADING","3.4","21","1478","54.31","3"
"MARK","2026-05-05","820","3.1446540880503147","AVOID","EXPLOSIVE BULL","LEADING","2.2","106","1408","31.03","3"
"OMRE","2026-05-05","855","0","HOLD","EXPLOSIVE BULL","WEAKENING","2.74","95","1330","40.87","3"
"CNKO","2026-05-05","52","-8.771929824561402","AVOID","CRASH / SELL-OFF","LAGGING","6.01","49","1322","17.91","3"
"FWCT","2026-05-05","102","-15","HOLD","CRASH / SELL-OFF","LEADING","4.41","105","1310","27.5","3.03"
"TRJA","2026-05-05","131","0","HOLD","CRASH / SELL-OFF","WEAKENING","3.73","71","1278","21.34","3.03"
"BNLI","2026-05-05","3400","17.647058823529413","UNSAFE DIP","CRASH / SELL-OFF","LEADING","3.23","137","1246","16.76","2.98"
"HELI","2026-05-05","196","0.5128205128205128","AVOID","CRASH / SELL-OFF","LAGGING","2.36","96","1228","5.04","1.83"
"PBSA","2026-05-05","960","-4","AVOID","CRASH / SELL-OFF","LAGGING","2.37","117","1186","59.95","3.01"
"MGNA","2026-05-05","165","-7.82122905027933","AVOID","CRASH / SELL-OFF","LAGGING","4.32","132","1156","88.79","3.01"
"SAFE","2026-05-05","334","3.0864197530864197","AVOID","CRASH / SELL-OFF","LAGGING","2.17","139","1142","63.41","2.99"
"OBAT","2026-05-05","308","-3.1446540880503147","AVOID","CRASH / SELL-OFF","LAGGING","2.55","147","1126","22.93","1.54"
"NETV","2026-05-05","95","-10.377358490566039","HOLD","SIDEWAYS","LEADING","2.23","1","1118","18.87","3"
"INDS","2026-05-05","448","-14.666666666666666","HOLD","SIDEWAYS","LEADING","3.96","1","1118","37.14","9.77"
"BOLT","2026-05-05","980","6.521739130434782","UNSAFE DIP","NORMAL DOWNTREND","LEADING","5.7","1","1118","3.38","4.71"
"AMAG","2026-05-05","444","0","HOLD","SIDEWAYS","LEADING","4.21","1","1118","5.86","2.54"
"IBOS","2026-05-05","122","9.90990990990991","HOLD","SIDEWAYS","LEADING","3.23","1","1118","17.12","3"
"ISEA","2026-05-05","92","2.2222222222222223","HOLD","SIDEWAYS","LEADING","3.53","1","1118","17.78","3"
"PEVE","2026-05-05","382","-2.051282051282051","AVOID","CRASH / SELL-OFF","LAGGING","4.87","155","1110","3.37","13.82"
"ULTJ","2026-05-05","1700","6.583072100313479","HOLD","NORMAL UPTREND","LEADING","2.13","6","1108","14.16","3.02"
"DIVA","2026-05-05","174","9.433962264150944","HOLD","SIDEWAYS","LEADING","4.41","8","1104","37.2","3.02"
"ADMR","2026-05-05","1880","-1.5706806282722512","AVOID","SIDEWAYS","LEADING","0.6","1","1098","7.59","3.03"
"AMRT","2026-05-05","1440","1.0526315789473684","AVOID","SIDEWAYS","LEADING","1.15","1","1098","9.47","3"
"PGEO","2026-05-05","1020","-0.9708737864077669","AVOID","SIDEWAYS","LEADING","0.96","1","1098","5.34","3.55"
"CMRY","2026-05-05","4700","5.1454138702460845","AVOID","NORMAL UPTREND","LEADING","1.02","1","1098","3.37","4.71"
"JPFA","2026-05-05","2590","-1.520912547528517","HOLD","SIDEWAYS","LEADING","0.8","1","1098","11.79","3"
"SHIP","2026-05-05","3900","-9.30232558139535","HOLD","SIDEWAYS","LEADING","1.8","1","1098","21.63","3.01"
"BALI","2026-05-05","1275","0","HOLD","SIDEWAYS","LEADING","0.18","1","1098","32.9","3"
"GGRP","2026-05-05","302","0.6666666666666667","AVOID","SIDEWAYS","LEADING","1.03","1","1098","7.33","1.91"
"SMDM","2026-05-05","635","0.7936507936507936","HOLD","NORMAL UPTREND","LEADING","0.4","1","1098","21.9","3.01"
"IRSX","2026-05-05","438","-0.45454545454545453","AVOID","SIDEWAYS","LEADING","0.9","1","1098","15","3.03"
"GMTD","2026-05-05","1680","-5.88235294117647","AVOID","SIDEWAYS","LEADING","1.55","1","1098","20.47","3.01"
"IPCM","2026-05-05","330","1.8518518518518516","HOLD","NORMAL UPTREND","LEADING","1.05","1","1098","1.85","4"
"PADI","2026-05-05","126","2.4390243902439024","AVOID","NORMAL UPTREND","LEADING","1.44","1","1098","17.89","3"
"ARII","2026-05-05","300","2.73972602739726","HOLD","SIDEWAYS","LEADING","0.94","1","1098","12.33","3"
"URBN","2026-05-05","228","-9.523809523809524","HOLD","NORMAL UPTREND","LEADING","1.53","1","1098","46.83","2.99"
"UVCR","2026-05-05","222","-1.7699115044247788","HOLD","NORMAL UPTREND","LEADING","1.93","1","1098","58.41","2.98"
"CRSN","2026-05-05","117","-3.3057851239669422","HOLD","SIDEWAYS","LEADING","1.06","1","1098","19.83","3"
"HAJJ","2026-05-05","141","0.7142857142857143","AVOID","NORMAL UPTREND","LEADING","1.26","1","1098","10.71","3"
"BINO","2026-05-05","125","-0.7936507936507936","AVOID","SIDEWAYS","LEADING","0.44","1","1098","7.14","3.11"
"PURA","2026-05-05","32","-5.88235294117647","HOLD","SIDEWAYS","LEADING","1.16","1","1098","8.82","5.33"
"TMPO","2026-05-05","133","0.7575757575757576","HOLD","SIDEWAYS","LEADING","1.79","1","1098","17.42","3.04"
"GRPH","2026-05-05","67","-6.944444444444445","HOLD","NORMAL UPTREND","LEADING","1.14","1","1098","31.94","3"
"NISP","2026-05-05","1345","1.509433962264151","AVOID","SIDEWAYS","LEADING","2.26","13","1094","5.65","3.47"
"BJBR","2026-05-05","880","0.5714285714285714","HOLD","NORMAL UPTREND","LEADING","2.29","13","1094","11.36","3"
"LAND","2026-05-05","104","10.638297872340425","AVOID","NORMAL UPTREND","LEADING","2.54","14","1092","42.27","3"
"MDLA","2026-05-05","220","0","AVOID","SIDEWAYS","LEADING","0.58","5","1090","7.87","3.06"
"BUAH","2026-05-05","520","-2.803738317757009","HOLD","SIDEWAYS","LEADING","1.37","5","1090","5.9","29.52"
"ICON","2026-05-05","140","2.941176470588235","HOLD","NORMAL UPTREND","LEADING","0.54","5","1090","30.5","3"
"TCPI","2026-05-05","11750","0.4273504273504274","AVOID","NORMAL UPTREND","LEADING","1.11","6","1088","5.24","1.87"
"ADES","2026-05-05","20900","5.289672544080604","HOLD","NORMAL UPTREND","LEADING","0.75","6","1088","28.47","3"
"DMAS","2026-05-05","146","0","HOLD","NORMAL UPTREND","LEADING","1.32","6","1088","4.38","2.33"
"ACST","2026-05-05","100","0","HOLD","SIDEWAYS","LEADING","0.78","6","1088","31.55","3"
"MOLI","2026-05-05","292","0","HOLD","NORMAL UPTREND","LEADING","0.68","6","1088","28.87","3"
"BKDP","2026-05-05","81","5.194805194805195","HOLD","NORMAL UPTREND","LEADING","0.94","6","1088","44.59","3"
"MREI","2026-05-05","1060","1.9230769230769231","AVOID","SIDEWAYS","LEADING","0.63","6","1088","11.22","3"
"SOLA","2026-05-05","129","2.380952380952381","AVOID","SIDEWAYS","LEADING","0.98","6","1088","15.2","3"
"EAST","2026-05-05","93","0","HOLD","SIDEWAYS","LEADING","1.54","6","1088","5.32","3.6"
"INOV","2026-05-05","144","-2.0408163265306123","AVOID","SIDEWAYS","LEADING","0.39","6","1088","29.94","3.02"
"BMRI","2026-05-05","4490","1.583710407239819","AVOID","NORMAL DOWNTREND","LEADING","1.2","7","1086","7.44","2.99"
"CASA","2026-05-05","1470","8.088235294117647","HOLD","SIDEWAYS","LEADING","0.77","7","1086","15.56","3"
"GGRM","2026-05-05","15950","-1.3910355486862442","HOLD","NORMAL UPTREND","LEADING","0.9","7","1086","17","3"
"WIIM","2026-05-05","1930","0.2597402597402597","HOLD","SIDEWAYS","LEADING","0.72","7","1086","11.68","3.02"
"DAYA","2026-05-05","1085","0.4629629629629629","HOLD","NORMAL UPTREND","LEADING","0.61","7","1086","23.26","3"
"BLTZ","2026-05-05","2450","-0.40650406504065045","AVOID","CRASH / SELL-OFF","LAGGING","7.14","167","1086","26.46","3.01"
"MERK","2026-05-05","4380","0","HOLD","NORMAL UPTREND","LEADING","0.4","7","1086","27.85","3"
"PPRE","2026-05-05","136","2.2556390977443606","HOLD","NORMAL UPTREND","LEADING","0.33","7","1086","44.65","3"
"SKBM","2026-05-05","675","-2.1739130434782608","HOLD","SIDEWAYS","LEADING","0.18","7","1086","11.28","3"
"GHON","2026-05-05","1810","1.1173184357541899","HOLD","SIDEWAYS","LEADING","0.88","7","1086","5.83","3.43"
"WEGE","2026-05-05","58","0","AVOID","SIDEWAYS","LEADING","0.26","7","1086","11.67","3"
"DYAN","2026-05-05","87","1.1627906976744187","HOLD","NORMAL UPTREND","LEADING","1.03","7","1086","8.33","3"
"LAPD","2026-05-05","92","-7.07070707070707","HOLD","SIDEWAYS","LEADING","0.97","7","1086","33.33","1.79"
"CGAS","2026-05-05","172","0.5847953216374269","HOLD","SIDEWAYS","LEADING","0.84","7","1086","8.09","3.07"
"PTSP","2026-05-05","970","-5.825242718446602","HOLD","SIDEWAYS","LEADING","1.54","7","1086","5.56","1.9"
"ESIP","2026-05-05","164","-0.6060606060606061","HOLD","NORMAL UPTREND","LEADING","0.41","7","1086","47.17","3"
"TAYS","2026-05-05","65","1.5625","AVOID","NORMAL DOWNTREND","LEADING","0.22","7","1086","10.77","3"
"ADMF","2026-05-05","8800","1.1494252873563218","HOLD","NORMAL DOWNTREND","LEADING","0.27","8","1084","4.11","4.07"
"NATO","2026-05-05","620","-0.8","AVOID","SIDEWAYS","LEADING","1.96","8","1084","8.2","9.8"
"SONA","2026-05-05","2290","-9.486166007905137","HOLD","SIDEWAYS","LEADING","1.56","8","1084","34.11","3"
"CEKA","2026-05-05","2370","-1.25","HOLD","SIDEWAYS","LEADING","1.23","8","1084","8.44","3"
"HRME","2026-05-05","58","5.454545454545454","HOLD","NORMAL UPTREND","LEADING","1.14","8","1084","10.87","3"
"ISAT","2026-05-05","2110","1.4423076923076923","HOLD","SIDEWAYS","LEADING","1.09","11","1078","9.32","3.02"
"BRNA","2026-05-05","700","0.7194244604316548","AVOID","SIDEWAYS","LEADING","0.56","11","1078","25.32","3"
"HYGN","2026-05-05","150","2.73972602739726","AVOID","NORMAL UPTREND","LEADING","0.56","12","1076","6.85","3.1"
"BDMN","2026-05-05","4350","2.3529411764705883","AVOID","NORMAL UPTREND","LEADING","0.71","13","1074","37.14","3.01"
"BTPN","2026-05-05","2050","1.9900497512437811","AVOID","SIDEWAYS","LEADING","0.48","13","1074","11.74","3"
"BNII","2026-05-05","206","0.9803921568627451","AVOID","SIDEWAYS","LEADING","0.48","13","1074","7.94","3.06"
"PNIN","2026-05-05","795","0","HOLD","NORMAL UPTREND","LEADING","1.09","13","1074","14.72","3"
"ITMA","2026-05-05","2060","0.9803921568627451","HOLD","SIDEWAYS","LEADING","1.53","13","1074","19.41","3.01"
"CBDK","2026-05-05","4740","0.6369426751592357","HOLD","SIDEWAYS","LEADING","0.7","14","1072","16.1","3"
"INDY","2026-05-05","3820","3.2432432432432434","HOLD","SIDEWAYS","LEADING","0.67","14","1072","19.79","2.99"
"DUTI","2026-05-05","4250","0","AVOID","SIDEWAYS","LEADING","0.18","14","1072","8.06","3.03"
"ACES","2026-05-05","386","3.763440860215054","AVOID","NORMAL DOWNTREND","LEADING","0.99","14","1072","3.47","2.57"
"TOTL","2026-05-05","1260","4.564315352697095","HOLD","NORMAL UPTREND","LEADING","0.91","14","1072","19.26","3"
"ARGO","2026-05-05","1100","-2.2222222222222223","HOLD","SIDEWAYS","LEADING","0.67","14","1072","32.03","3.01"
"JSPT","2026-05-05","1495","1.7006802721088436","HOLD","SIDEWAYS","LEADING","0.18","14","1072","29.76","3"
"RODA","2026-05-05","87","8.75","AVOID","NORMAL UPTREND","LEADING","1.73","14","1072","48.94","3"
"SGER","2026-05-05","398","2.051282051282051","AVOID","SIDEWAYS","LEADING","0.63","19","1062","18.43","3.01"
"IPTV","2026-05-05","45","2.272727272727273","AVOID","NORMAL UPTREND","LEADING","1.96","19","1062","11.63","5.6"
"JGLE","2026-05-05","83","3.75","HOLD","NORMAL UPTREND","LEADING","0.77","19","1062","54.29","3"
"MSIE","2026-05-05","123","0","HOLD","NORMAL UPTREND","LEADING","0","19","1062","30.91","3"
"SMKM","2026-05-05","94","-1.0526315789473684","HOLD","SIDEWAYS","LEADING","0.57","19","1062","32.71","3.74"
"KAEF","2026-05-05","500","2.459016393442623","AVOID","SIDEWAYS","LEADING","0.37","20","1060","8.54","3.05"
"DWGL","2026-05-05","280","2.941176470588235","HOLD","SIDEWAYS","LEADING","0.34","20","1060","19.15","3"
"EKAD","2026-05-05","180","0.5586592178770949","AVOID","SIDEWAYS","LEADING","0.37","20","1060","2.22","2.75"
"BTON","2026-05-05","380","2.7027027027027026","AVOID","SIDEWAYS","LEADING","1.17","20","1060","9.23","3"
"NTBK","2026-05-05","89","-4.301075268817205","HOLD","NORMAL UPTREND","LEADING","0.56","20","1060","32.94","1.86"
"JMAS","2026-05-05","250","5.042016806722689","AVOID","SIDEWAYS","LEADING","0.76","20","1060","34.07","2.99"
"DSFI","2026-05-05","104","-0.9523809523809524","AVOID","SIDEWAYS","LEADING","0.66","20","1060","21.36","3"
"INCF","2026-05-05","64","8.47457627118644","HOLD","NORMAL UPTREND","LEADING","0.95","20","1060","21.88","3"
"SRTG","2026-05-05","1825","-0.8152173913043478","HOLD","NORMAL UPTREND","LEADING","1.29","21","1058","17.88","3"
"ALDO","2026-05-05","615","-3.149606299212598","HOLD","NORMAL UPTREND","LEADING","0.33","21","1058","13.45","3"
"VKTR","2026-05-05","955","4.371584699453552","HOLD","SIDEWAYS","LEADING","0.6","22","1056","42.23","3.01"
"PDES","2026-05-05","510","0","AVOID","SIDEWAYS","LEADING","0.04","22","1056","7.14","3.11"
"ASDM","2026-05-05","500","-4.761904761904762","AVOID","CRASH / SELL-OFF","LAGGING","4.47","183","1054","15.83","3"
"CASS","2026-05-05","1875","3.021978021978022","AVOID","SIDEWAYS","LEADING","2","34","1052","4.88","1.56"
"JRPT","2026-05-05","1100","0.45662100456621","HOLD","SIDEWAYS","LEADING","0.05","25","1050","3.15","4.86"
"KBLM","2026-05-05","332","1.8404907975460123","AVOID","SIDEWAYS","LEADING","6.94","35","1050","10.59","3"
"TAMA","2026-05-05","175","-2.7777777777777777","HOLD","NORMAL UPTREND","LEADING","0.19","25","1050","10.61","6"
"AMAN","2026-05-05","270","1.5037593984962405","AVOID","SIDEWAYS","IMPROVING","1.38","1","1048","11.28","1.73"
"HOMI","2026-05-05","224","-2.608695652173913","AVOID","SIDEWAYS","IMPROVING","1.12","1","1048","11.3","3"
"BJTM","2026-05-05","590","0.8547008547008548","AVOID","NORMAL UPTREND","LEADING","0.78","27","1046","6.9","2.88"
"CYBR","2026-05-05","1305","-1.509433962264151","AVOID","NORMAL UPTREND","LEADING","0.99","27","1046","21.5","3.02"
"PSSI","2026-05-05","340","0.591715976331361","AVOID","SIDEWAYS","LEADING","0.2","27","1046","4.07","4.14"
"NICK","2026-05-05","1220","0","AVOID","SIDEWAYS","LEADING","0.24","27","1046","20.38","3.02"
"RIGS","2026-05-05","690","0.7299270072992701","AVOID","SIDEWAYS","LEADING","0.45","27","1046","5.93","1.62"
"RELI","2026-05-05","498","1.2195121951219512","AVOID","SIDEWAYS","LEADING","0.03","28","1044","3.31","3"
"NPGF","2026-05-05","77","-1.282051282051282","HOLD","NORMAL UPTREND","LEADING","1.75","28","1044","20.83","3"
"VOKS","2026-05-05","220","2.803738317757009","AVOID","SIDEWAYS","LEADING","0.24","29","1042","28.17","3.01"
"UNVR","2026-05-05","1640","5.128205128205128","AVOID","NORMAL DOWNTREND","IMPROVING","1.79","6","1038","6.67","3.19"
"BISI","2026-05-05","760","0","AVOID","NORMAL DOWNTREND","IMPROVING","1.96","6","1038","9.66","3"
"GULA","2026-05-05","384","3.783783783783784","HOLD","NORMAL UPTREND","LEADING","3.55","41","1038","26.01","2.99"
"SOCI","2026-05-05","520","4.838709677419355","AVOID","SIDEWAYS","LEADING","0.53","34","1032","23.98","2.99"
"RSCH","2026-05-05","304","1.3333333333333335","AVOID","NORMAL DOWNTREND","LEADING","1.06","34","1032","12.2","3"
"BMAS","2026-05-05","500","0.4016064257028112","HOLD","SIDEWAYS","LEADING","1.63","35","1030","13.7","2.97"
"SHID","2026-05-05","755","0","AVOID","SIDEWAYS","LEADING","0.08","35","1030","20.74","3"
"SWID","2026-05-05","112","1.8181818181818181","HOLD","SIDEWAYS","LEADING","0.11","35","1030","15.31","3"
"CRAB","2026-05-05","216","0","AVOID","SIDEWAYS","LEADING","1.24","35","1030","4.72","3.6"
"WEHA","2026-05-05","129","-2.272727272727273","AVOID","SIDEWAYS","LEADING","0.92","35","1030","28.39","3.02"
"EURO","2026-05-05","3380","-9.866666666666667","AVOID","NORMAL UPTREND","LEADING","0.33","36","1028","75.78","3"
"FLMC","2026-05-05","178","1.1363636363636365","HOLD","NORMAL UPTREND","LEADING","0.65","36","1028","27.47","3"
"FUTR","2026-05-05","234","3.5398230088495577","AVOID","SIDEWAYS","IMPROVING","0.26","13","1024","31.21","2.99"
"BBLD","2026-05-05","665","2.307692307692308","AVOID","SIDEWAYS","IMPROVING","0.11","14","1022","9.22","3"
"DCII","2026-05-05","198250","0","HOLD","SIDEWAYS","LEADING","0.95","40","1020","12.2","4.74"
"TPIA","2026-05-05","6075","19.704433497536947","UNSAFE DIP","NORMAL DOWNTREND","LEADING","1.46","41","1018","19.51","3"
"PTBA","2026-05-05","2950","0","AVOID","SIDEWAYS","LEADING","0.62","41","1018","30.38","3.01"
"BSSR","2026-05-05","4020","0.24937655860349126","AVOID","NORMAL UPTREND","LEADING","1.19","41","1018","8.03","3"
"PRDA","2026-05-05","2430","-6.538461538461539","AVOID","SIDEWAYS","WEAKENING","2.34","1","1018","9.23","3"
"RDTX","2026-05-05","15575","-6.315789473684211","AVOID","NORMAL DOWNTREND","LAGGING","4.56","8","1004","28.05","3"
"ESTA","2026-05-05","220","-0.9009009009009009","HOLD","SIDEWAYS","LEADING","0.38","49","1002","18.75","2.17"
"ARKA","2026-05-05","32","3.225806451612903","AVOID","SIDEWAYS","LEADING","1.59","49","1002","8.57","3"
"SMGR","2026-05-05","2080","2.9702970297029703","AVOID","NORMAL DOWNTREND","IMPROVING","0.84","25","1000","2.9","4.14"
"TRIS","2026-05-05","188","-1.0526315789473684","AVOID","SIDEWAYS","LEADING","1.75","50","1000","9.8","3"
"BRIS","2026-05-05","1820","1.675977653631285","AVOID","NORMAL DOWNTREND","IMPROVING","1.3","26","998","2.82","3.33"
"MYOR","2026-05-05","1785","0.847457627118644","AVOID","SIDEWAYS","LAGGING","0.96","1","998","4.78","3.75"
"JSMR","2026-05-05","2980","-0.6666666666666667","AVOID","NORMAL DOWNTREND","LAGGING","1.14","1","998","3.77","4.38"
"FOLK","2026-05-05","344","-4.444444444444445","AVOID","SIDEWAYS","LAGGING","0.97","1","998","16.11","3.02"
"NAIK","2026-05-05","102","-2.857142857142857","AVOID","NORMAL DOWNTREND","WEAKENING","0.49","1","998","17.14","3"
"ZONE","2026-05-05","346","-6.989247311827956","AVOID","NORMAL DOWNTREND","LAGGING","2.15","12","996","21.72","3.02"
"KOTA","2026-05-05","151","11.029411764705882","HOLD","NORMAL UPTREND","WEAKENING","2","13","994","61.76","3"
"BBSI","2026-05-05","4740","2.5974025974025974","AVOID","SIDEWAYS","LEADING","2.03","64","992","33.8","3"
"BESS","2026-05-05","1175","3.982300884955752","AVOID","SIDEWAYS","LEADING","2.72","64","992","21.7","3.01"
"INKP","2026-05-05","9325","-4.358974358974359","HOLD","NORMAL DOWNTREND","LAGGING","1.89","5","990","3.08","4.92"
"CMPP","2026-05-05","83","0","AVOID","NORMAL UPTREND","LEADING","0.52","55","990","19.63","3"
"PZZA","2026-05-05","197","-7.943925233644859","AVOID","SIDEWAYS","LAGGING","2.18","15","990","20.35","3"
"AWAN","2026-05-05","156","-1.2658227848101267","HOLD","SIDEWAYS","WEAKENING","0.95","5","990","17.07","3.36"
"RELF","2026-05-05","42","2.4390243902439024","HOLD","SIDEWAYS","LAGGING","0.4","5","990","26.19","3"
"SDMU","2026-05-05","106","-1.8518518518518516","HOLD","NORMAL UPTREND","WEAKENING","0.5","5","990","42.86","3"
"NAYZ","2026-05-05","68","-4.225352112676056","AVOID","SIDEWAYS","LAGGING","0.68","5","990","18.31","3"
"ASMI","2026-05-05","19","0","AVOID","SIDEWAYS","LEADING","0.17","55","990","5","7"
"BRMS","2026-05-05","785","0.641025641025641","AVOID","SIDEWAYS","LAGGING","0.36","6","988","32.52","3"
"SOHO","2026-05-05","1850","-2.1164021164021163","HOLD","SIDEWAYS","LAGGING","0.55","6","988","11.11","2.77"
"DSNG","2026-05-05","1715","-2","HOLD","NORMAL UPTREND","WEAKENING","0.7","6","988","31.35","3"
"SIDO","2026-05-05","480","-0.8264462809917356","AVOID","NORMAL DOWNTREND","LAGGING","1.57","6","988","4.08","1.67"
"TLDN","2026-05-05","620","-0.8","AVOID","NORMAL DOWNTREND","LAGGING","0.58","6","988","6.72","3.22"
"MAPB","2026-05-05","1480","0","AVOID","NORMAL DOWNTREND","LAGGING","0.17","6","988","14.37","3"
"INPC","2026-05-05","162","1.8867924528301887","AVOID","SIDEWAYS","LEADING","0.44","56","988","26.13","3.02"
"BEST","2026-05-05","107","0.9433962264150944","AVOID","SIDEWAYS","WEAKENING","1.44","6","988","5.45","3.5"
"HBAT","2026-05-05","484","-2.4193548387096775","HOLD","NORMAL UPTREND","LAGGING","0.71","6","988","43.76","3.01"
"KOKA","2026-05-05","175","-2.7777777777777777","AVOID","SIDEWAYS","LAGGING","0.3","6","988","28.15","3"
"CLPI","2026-05-05","1605","0","HOLD","NORMAL UPTREND","WEAKENING","0.86","6","988","10.42","3.03"
"AMMS","2026-05-05","376","0.53475935828877","AVOID","SIDEWAYS","LAGGING","0.62","6","988","9.18","2.06"
"UNIQ","2026-05-05","126","-0.7874015748031495","AVOID","NORMAL DOWNTREND","LAGGING","0.23","6","988","11.94","2.25"
"BAJA","2026-05-05","155","-1.89873417721519","AVOID","NORMAL DOWNTREND","WEAKENING","0.43","6","988","26.59","3.02"
"NANO","2026-05-05","34","-2.857142857142857","AVOID","SIDEWAYS","LAGGING","1.57","6","988","12.82","3"
"KKES","2026-05-05","38","0","AVOID","NORMAL UPTREND","LAGGING","1.62","6","988","20.51","3"
"BNGA","2026-05-05","1685","1.812688821752266","AVOID","NORMAL DOWNTREND","LAGGING","0.83","7","986","7.55","3.04"
"ARTO","2026-05-05","1245","-0.4","AVOID","NORMAL DOWNTREND","LAGGING","0.79","7","986","3.79","4.2"
"ELSA","2026-05-05","775","1.3071895424836601","HOLD","NORMAL UPTREND","WEAKENING","0.41","7","986","22.29","3"
"BOGA","2026-05-05","1410","0","AVOID","SIDEWAYS","LAGGING","0.18","7","986","26.3","3.01"
"GJTL","2026-05-05","1190","-0.8333333333333334","HOLD","NORMAL UPTREND","WEAKENING","0.42","7","986","16.74","3"
"BKSW","2026-05-05","59","-1.6666666666666667","AVOID","SIDEWAYS","LAGGING","1.15","7","986","10.94","3"
"KKGI","2026-05-05","318","0.6329113924050633","AVOID","NORMAL DOWNTREND","LEADING","0.29","57","986","28.13","3.02"
"ATIC","2026-05-05","520","-4.587155963302752","AVOID","SIDEWAYS","WEAKENING","0.52","7","986","23.33","3"
"TRUE","2026-05-05","157","0.641025641025641","AVOID","SIDEWAYS","LAGGING","0.22","7","986","38.38","4.18"
"CITY","2026-05-05","208","0.9708737864077669","AVOID","NORMAL UPTREND","WEAKENING","0.1","7","986","40.52","3.01"
"AREA","2026-05-05","326","0","AVOID","SIDEWAYS","LAGGING","0.55","7","986","5.61","3.5"
"ENAK","2026-05-05","340","-2.2988505747126435","AVOID","NORMAL DOWNTREND","LAGGING","1.38","7","986","9.94","4.81"
"PADA","2026-05-05","190","3.260869565217391","HOLD","NORMAL UPTREND","WEAKENING","0.56","7","986","48.11","3.02"
"KOCI","2026-05-05","130","0","AVOID","SIDEWAYS","LAGGING","0.6","7","986","38.41","1.78"
"PAMG","2026-05-05","62","0","AVOID","SIDEWAYS","WEAKENING","0.98","7","986","24.62","3"
"LMPI","2026-05-05","166","0","HOLD","SIDEWAYS","WEAKENING","0.21","7","986","36.63","1.65"
"BAPI","2026-05-05","28","-3.4482758620689653","AVOID","SIDEWAYS","LAGGING","1.85","7","986","16.67","3"
"LUCK","2026-05-05","113","1.8018018018018018","AVOID","SIDEWAYS","WEAKENING","0.64","7","986","39.01","3"
"KJEN","2026-05-05","138","0","HOLD","NORMAL UPTREND","LAGGING","0.65","7","986","37.8","3"
"ARCI","2026-05-05","1500","-1.3157894736842104","HOLD","SIDEWAYS","LAGGING","0.72","8","984","22.32","3.01"
"AKRA","2026-05-05","1520","-3.1847133757961785","HOLD","NORMAL UPTREND","WEAKENING","0.77","8","984","22.76","3.01"
"BSDE","2026-05-05","770","0","HOLD","NORMAL DOWNTREND","WEAKENING","0.72","8","984","10.69","3"
"AALI","2026-05-05","8200","-0.906344410876133","AVOID","SIDEWAYS","LAGGING","0.61","8","984","15.57","3"
"MTDL","2026-05-05","570","1.7857142857142856","AVOID","NORMAL DOWNTREND","WEAKENING","1.16","8","984","11.02","3"
"PKPK","2026-05-05","3130","0.967741935483871","HOLD","NORMAL UPTREND","WEAKENING","0.44","8","984","57.1","3"
"JAWA","2026-05-05","168","0.5988023952095809","HOLD","NORMAL UPTREND","WEAKENING","0.33","8","984","30.58","3.02"
"IPCC","2026-05-05","1285","0","AVOID","SIDEWAYS","WEAKENING","0.83","8","984","6.74","3.11"
"DEWI","2026-05-05","127","0","AVOID","SIDEWAYS","LAGGING","0.71","8","984","7.69","3"
"IPAC","2026-05-05","155","3.3333333333333335","AVOID","SIDEWAYS","LAGGING","2.24","18","984","25.56","3"
"MPIX","2026-05-05","84","0","AVOID","SIDEWAYS","WEAKENING","0.31","8","984","19.57","3"
"AEGS","2026-05-05","53","0","HOLD","SIDEWAYS","WEAKENING","0.59","8","984","29.09","3"
"ITMG","2026-05-05","26850","0.18656716417910446","AVOID","NORMAL UPTREND","LEADING","0.77","60","980","22.98","3"
"TRUS","2026-05-05","386","1.5789473684210527","AVOID","SIDEWAYS","LEADING","0.2","60","980","36.45","3.01"
"LIFE","2026-05-05","7150","-0.6944444444444444","AVOID","SIDEWAYS","WEAKENING","2.11","21","978","12.58","3"
"SMMT","2026-05-05","2200","-6.382978723404255","AVOID","NORMAL UPTREND","WEAKENING","0.96","11","978","48.84","3"
"JTPE","2026-05-05","615","2.5","AVOID","SIDEWAYS","WEAKENING","1.15","11","978","21.32","3"
"BNBA","2026-05-05","795","1.9230769230769231","HOLD","SIDEWAYS","LAGGING","0.12","11","978","21.39","3"
"BRAM","2026-05-05","4650","-0.2145922746781116","HOLD","NORMAL UPTREND","LEADING","0.06","61","978","6.46","1.94"
"BMHS","2026-05-05","185","0","AVOID","SIDEWAYS","LEADING","0.32","61","978","6.74","3.15"
"KINO","2026-05-05","1110","0","HOLD","SIDEWAYS","LAGGING","0.44","11","978","9.57","3"
"WOMF","2026-05-05","298","0","AVOID","NORMAL DOWNTREND","LAGGING","0.13","11","978","5.59","3.4"
"WSBP","2026-05-05","18","0","HOLD","SIDEWAYS","LAGGING","0.37","11","978","10.53","5"
"NZIA","2026-05-05","161","-0.6172839506172839","AVOID","NORMAL UPTREND","IMPROVING","0.29","36","978","49.23","3.01"
"PSDN","2026-05-05","195","0.5154639175257731","HOLD","NORMAL UPTREND","WEAKENING","0.15","11","978","58.29","2.98"
"ENRG","2026-05-05","1750","2.3391812865497075","AVOID","NORMAL UPTREND","WEAKENING","0.49","12","976","39","3.01"
"MEDC","2026-05-05","1735","-0.8571428571428572","HOLD","SIDEWAYS","LAGGING","0.75","12","976","18.89","3"
"BBTN","2026-05-05","1365","0.3676470588235294","AVOID","NORMAL UPTREND","WEAKENING","0.79","12","976","18.12","3"
"MASB","2026-05-05","3190","-1.238390092879257","AVOID","SIDEWAYS","LEADING","0.18","62","976","6.21","3.25"
"BCAP","2026-05-05","52","0","HOLD","SIDEWAYS","WEAKENING","0.3","12","976","13.56","3"
"HGII","2026-05-05","138","0","AVOID","SIDEWAYS","LAGGING","0.53","12","976","12.24","3.06"
"BAIK","2026-05-05","665","0","HOLD","NORMAL UPTREND","WEAKENING","0","12","976","64.81","3"
"GDYR","2026-05-05","1125","1.3513513513513513","AVOID","SIDEWAYS","LEADING","0.01","62","976","4.61","3.8"
"KOBX","2026-05-05","189","-0.5263157894736842","AVOID","NORMAL UPTREND","WEAKENING","0.15","12","976","48.78","2.99"
"SRSN","2026-05-05","68","-2.857142857142857","HOLD","NORMAL UPTREND","WEAKENING","1.2","12","976","27.14","3"
"KBAG","2026-05-05","53","1.9230769230769231","HOLD","NORMAL UPTREND","LAGGING","1.79","12","976","16.36","3"
"SAGE","2026-05-05","31","3.3333333333333335","AVOID","NORMAL DOWNTREND","LAGGING","0.75","12","976","14.71","3.6"
"MRAT","2026-05-05","414","-0.9569377990430622","AVOID","SIDEWAYS","LEADING","1.07","62","976","17.45","2.99"
"LOPI","2026-05-05","117","0.8620689655172413","HOLD","SIDEWAYS","WEAKENING","0.26","12","976","26.98","3"
"OILS","2026-05-05","272","0.7407407407407408","HOLD","SIDEWAYS","WEAKENING","0.17","12","976","46.36","2.99"
"PGLI","2026-05-05","230","-0.8620689655172413","HOLD","SIDEWAYS","WEAKENING","0.15","12","976","28.79","3"
"MIRA","2026-05-05","23","4.545454545454546","AVOID","SIDEWAYS","LAGGING","1.55","12","976","12","4.67"
"MORA","2026-05-05","4860","0.2061855670103093","AVOID","NORMAL DOWNTREND","LAGGING","0.12","13","974","36.58","4.41"
"ARKO","2026-05-05","9475","4.696132596685083","HOLD","NORMAL UPTREND","WEAKENING","0.64","13","974","60","3"
"PNBN","2026-05-05","1005","-0.9852216748768473","HOLD","NORMAL DOWNTREND","LAGGING","0.42","13","974","13.89","3"
"CBRE","2026-05-05","955","4.945054945054945","HOLD","SIDEWAYS","LEADING","1.19","63","974","11.59","2.21"
"RALS","2026-05-05","446","0","HOLD","SIDEWAYS","LEADING","0.88","63","974","23.4","2.98"
"MCOR","2026-05-05","69","-1.4285714285714286","HOLD","SIDEWAYS","LAGGING","1.32","13","974","8.22","3"
"POLI","2026-05-05","1125","-3.8461538461538463","HOLD","NORMAL UPTREND","WEAKENING","0.11","13","974","44","3"
"PNBS","2026-05-05","50","-1.9607843137254901","AVOID","SIDEWAYS","WEAKENING","0.47","13","974","5.66","3.67"
"DILD","2026-05-05","127","-1.550387596899225","HOLD","NORMAL DOWNTREND","WEAKENING","0.7","13","974","11.68","3"
"ADCP","2026-05-05","50","-1.9607843137254901","AVOID","SIDEWAYS","WEAKENING","0.3","13","974","5.66","3.67"
"WIRG","2026-05-05","78","-1.2658227848101267","HOLD","SIDEWAYS","LAGGING","0.74","13","974","18.6","3"
"TALF","2026-05-05","670","-1.4705882352941175","HOLD","NORMAL UPTREND","WEAKENING","0.08","13","974","38.34","3.01"
"MAXI","2026-05-05","50","0","AVOID","SIDEWAYS","LAGGING","0.17","13","974","5.66","3.67"
"COAL","2026-05-05","59","1.7241379310344827","AVOID","NORMAL DOWNTREND","LAGGING","0.61","13","974","26.76","3"
"HOPE","2026-05-05","159","1.2738853503184715","AVOID","NORMAL DOWNTREND","LAGGING","0.3","13","974","44.27","2.99"
"ATLA","2026-05-05","52","0","AVOID","SIDEWAYS","WEAKENING","0.55","13","974","5.66","2.67"
"FIRE","2026-05-05","138","0","AVOID","SIDEWAYS","LAGGING","0.5","13","974","23.38","3"
"IDEA","2026-05-05","76","0","AVOID","SIDEWAYS","LAGGING","0.09","13","974","30.23","3"
"GOTO","2026-05-05","50","-1.9607843137254901","AVOID","SIDEWAYS","LAGGING","1.63","14","972","10.71","3"
"APIC","2026-05-05","1735","-3.072625698324022","HOLD","NORMAL UPTREND","WEAKENING","0.03","14","972","31.67","3.01"
"RMKE","2026-05-05","3260","3.492063492063492","HOLD","SIDEWAYS","LEADING","1.25","64","972","11.86","2.99"
"MBSS","2026-05-05","2360","0.425531914893617","AVOID","NORMAL UPTREND","WEAKENING","0.38","14","972","40.25","2.99"
"SKRN","2026-05-05","480","-2.0408163265306123","HOLD","SIDEWAYS","WEAKENING","0.21","14","972","26.18","2.99"
"TFCO","2026-05-05","680","1.4925373134328357","AVOID","SIDEWAYS","LAGGING","0.07","14","972","",""
"IATA","2026-05-05","82","0","HOLD","SIDEWAYS","WEAKENING","0.23","14","972","31.87","3"
"ASGR","2026-05-05","1625","-0.6116207951070336","AVOID","NORMAL UPTREND","LAGGING","0.21","14","972","25","3.01"
"DEPO","2026-05-05","266","1.5267175572519083","HOLD","NORMAL UPTREND","WEAKENING","0.07","14","972","31.38","3.02"
"KMDS","2026-05-05","565","2.727272727272727","AVOID","NORMAL DOWNTREND","LAGGING","0.82","14","972","10.08","3"
"IKAI","2026-05-05","26","-3.7037037037037033","HOLD","SIDEWAYS","LAGGING","0.97","14","972","13.04","3"
"OBMD","2026-05-05","230","0.8771929824561403","AVOID","SIDEWAYS","LEADING","0.49","64","972","7.97","3"
"HDIT","2026-05-05","64","0","HOLD","SIDEWAYS","WEAKENING","0.22","14","972","21.21","1.86"
"TNCA","2026-05-05","191","-1.0362694300518136","HOLD","SIDEWAYS","WEAKENING","0.26","14","972","18.63","3"
"KICI","2026-05-05","224","-0.8849557522123894","AVOID","NORMAL UPTREND","WEAKENING","0.08","14","972","51.86","3.01"
"POLU","2026-05-05","14500","-0.3436426116838488","AVOID","SIDEWAYS","LAGGING","0.19","15","970","39.23","3"
"MDIA","2026-05-05","135","10.655737704918032","HOLD","NORMAL UPTREND","WEAKENING","1.29","15","970","60","3"
"VISI","2026-05-05","790","-1.25","HOLD","NORMAL UPTREND","WEAKENING","0.08","15","970","47.89","2.99"
"PANS","2026-05-05","1760","1.7341040462427744","AVOID","NORMAL UPTREND","LAGGING","0.5","15","970","17.66","3.02"
"KING","2026-05-05","428","-1.3824884792626728","HOLD","NORMAL UPTREND","WEAKENING","0.94","15","970","41.67","3"
"PDPP","2026-05-05","340","-2.2988505747126435","HOLD","SIDEWAYS","WEAKENING","0.21","15","970","17.71","2.98"
"UNSP","2026-05-05","370","0","AVOID","NORMAL UPTREND","WEAKENING","0.3","15","970","42.44","2.99"
"VIVA","2026-05-05","53","1.9230769230769231","AVOID","NORMAL UPTREND","WEAKENING","0.45","15","970","29.55","3.08"
"BABY","2026-05-05","210","-8.695652173913043","AVOID","SIDEWAYS","LAGGING","0.25","15","970","32.06","3.01"
"BIPP","2026-05-05","95","9.195402298850574","HOLD","NORMAL UPTREND","WEAKENING","1.13","15","970","43.02","3"
"HALO","2026-05-05","73","0","AVOID","SIDEWAYS","WEAKENING","0.09","15","970","26.74","3"
"AKPI","2026-05-05","560","5.660377358490567","HOLD","NORMAL UPTREND","LAGGING","1.89","15","970","17.14","3.02"
"EPAC","2026-05-05","81","-2.4096385542168677","HOLD","NORMAL UPTREND","WEAKENING","0.35","15","970","54.29","3"
"KOPI","2026-05-05","240","0","HOLD","SIDEWAYS","LAGGING","0.39","15","970","18.71","3"
"BAPA","2026-05-05","238","0","HOLD","NORMAL UPTREND","WEAKENING","0","15","970","66.83","3.02"
"IBFN","2026-05-05","80","-5.88235294117647","AVOID","NORMAL UPTREND","LAGGING","0.21","15","970","32.95","3"
"INDX","2026-05-05","105","-0.9433962264150944","AVOID","SIDEWAYS","LAGGING","0.12","15","970","36.62","3"
"DAAZ","2026-05-05","2330","0","AVOID","SIDEWAYS","IMPROVING","0.68","41","968","54.7","3"
"BUKK","2026-05-05","1225","0","AVOID","SIDEWAYS","IMPROVING","0.44","41","968","13.35","5.4"
"INCO","2026-05-05","5975","-13.090909090909092","AVOID","SIDEWAYS","LAGGING","2.29","27","966","20","3"
"AGRS","2026-05-05","69","-1.4285714285714286","AVOID","SIDEWAYS","WEAKENING","3.9","27","966","7.14","3.2"
"DNAR","2026-05-05","147","1.3793103448275863","HOLD","SIDEWAYS","LEADING","0.66","67","966","15","3"
"AKKU","2026-05-05","38","0","AVOID","SIDEWAYS","LEADING","0","67","966","23.08","3"
"SCMA","2026-05-05","260","-1.5151515151515151","AVOID","SIDEWAYS","LAGGING","0.47","18","964","31.17","2.99"
"CITA","2026-05-05","3600","-1.9073569482288828","AVOID","NORMAL DOWNTREND","LAGGING","1.51","18","964","8.18","2.99"
"SINI","2026-05-05","13000","-1.5151515151515151","AVOID","NORMAL UPTREND","LAGGING","1.15","18","964","52.19","3"
"DKFT","2026-05-05","835","0.6024096385542169","HOLD","NORMAL UPTREND","LAGGING","0.7","18","964","20.73","3"
"NIRO","2026-05-05","199","-3.3980582524271843","HOLD","SIDEWAYS","LAGGING","0.37","18","964","38.67","3.02"
"IFSH","2026-05-05","2200","-2.2222222222222223","AVOID","NORMAL UPTREND","LAGGING","0.05","18","964","52.13","3"
"MTLA","2026-05-05","505","0","AVOID","NORMAL UPTREND","LAGGING","0.59","18","964","11.02","3"
"LPPF","2026-05-05","1650","0.6097560975609756","AVOID","NORMAL DOWNTREND","LAGGING","0.28","18","964","8.21","3"
"STAR","2026-05-05","640","3.225806451612903","AVOID","SIDEWAYS","LEADING","1.86","68","964","25.32","3"
"KETR","2026-05-05","496","2.904564315352697","AVOID","NORMAL DOWNTREND","WEAKENING","0.37","18","964","35.86","2.99"
"AGAR","2026-05-05","246","0.819672131147541","AVOID","SIDEWAYS","WEAKENING","0.43","18","964","32.14","3"
"AKSI","2026-05-05","300","0","HOLD","SIDEWAYS","LAGGING","0.82","18","964","32.42","3.02"
"SOUL","2026-05-05","52","0","AVOID","SIDEWAYS","LAGGING","1.05","18","964","24.19","3"
"SRAJ","2026-05-05","14200","-2.0689655172413794","AVOID","NORMAL DOWNTREND","LAGGING","0.25","19","962","13.91","3"
"AUTO","2026-05-05","2570","-1.153846153846154","AVOID","NORMAL DOWNTREND","LAGGING","0.78","19","962","8.79","3"
"BFIN","2026-05-05","805","3.205128205128205","AVOID","SIDEWAYS","WEAKENING","0.31","19","962","28.73","3"
"IBST","2026-05-05","8475","0","HOLD","NORMAL UPTREND","WEAKENING","0","19","962","40.78","3"
"TMAS","2026-05-05","125","0","HOLD","SIDEWAYS","LAGGING","0.41","19","962","13.04","3"
"IMAS","2026-05-05","1060","-1.8518518518518516","HOLD","NORMAL DOWNTREND","WEAKENING","0.11","19","962","26.61","3"
"BMTR","2026-05-05","166","-1.1904761904761905","AVOID","NORMAL UPTREND","WEAKENING","0.23","19","962","36.02","3.01"
"IMJS","2026-05-05","199","2.5773195876288657","HOLD","SIDEWAYS","LAGGING","0.46","19","962","32.74","3"
"CARS","2026-05-05","94","1.0752688172043012","AVOID","SIDEWAYS","LEADING","0.3","69","962","32.23","3"
"CFIN","2026-05-05","338","-0.5882352941176471","HOLD","NORMAL UPTREND","LAGGING","0.66","19","962","13.37","3"
"WMPP","2026-05-05","45","2.272727272727273","AVOID","NORMAL UPTREND","WEAKENING","0.26","19","962","79.17","3"
"SOTS","2026-05-05","1015","-1.4563106796116505","AVOID","SIDEWAYS","LAGGING","0.18","19","962","48.97","3"
"LEAD","2026-05-05","135","0","AVOID","SIDEWAYS","LAGGING","0.23","19","962","39.29","3"
"SSTM","2026-05-05","640","0.7874015748031495","HOLD","SIDEWAYS","LAGGING","1.31","19","962","45.59","3"
"NASA","2026-05-05","38","0","AVOID","SIDEWAYS","WEAKENING","1.62","19","962","17.5","2.86"
"LPLI","2026-05-05","286","-2.054794520547945","AVOID","NORMAL DOWNTREND","LAGGING","0.21","19","962","18.67","3.03"
"NINE","2026-05-05","147","-8.125","HOLD","NORMAL DOWNTREND","LEADING","1.12","69","962","34.67","3"
"KLAS","2026-05-05","80","-1.2345679012345678","AVOID","SIDEWAYS","LAGGING","1.18","19","962","24.44","3"
"KAQI","2026-05-05","107","-3.6036036036036037","HOLD","NORMAL UPTREND","WEAKENING","0.12","19","962","39.2","3"
"AYLS","2026-05-05","184","-3.664921465968586","HOLD","SIDEWAYS","LAGGING","0.37","19","962","34.21","3"
"LABA","2026-05-05","123","0","AVOID","SIDEWAYS","LAGGING","0.49","19","962","37.58","3"
"ISAP","2026-05-05","31","0","HOLD","SIDEWAYS","WEAKENING","0.33","19","962","20.59","3"
"OLIV","2026-05-05","57","0","HOLD","SIDEWAYS","LAGGING","1.22","19","962","26.23","3"
"CSMI","2026-05-05","97","-2.0202020202020203","HOLD","SIDEWAYS","WEAKENING","0.2","19","962","40","3"
"BMBL","2026-05-05","39","0","HOLD","SIDEWAYS","WEAKENING","0.25","19","962","25","3"
"NSSS","2026-05-05","805","0","AVOID","SIDEWAYS","LAGGING","1.01","20","960","11.11","3.85"
"ELPI","2026-05-05","1740","-3.6011080332409975","AVOID","NORMAL UPTREND","LAGGING","0.51","20","960","47.84","3.01"
"ANJT","2026-05-05","1810","0","HOLD","NORMAL UPTREND","LAGGING","0.26","20","960","19.54","3"
"VICI","2026-05-05","600","-0.8264462809917356","HOLD","SIDEWAYS","LAGGING","0.21","20","960","21.9","3.01"
"BHIT","2026-05-05","33","0","AVOID","SIDEWAYS","LAGGING","0.47","20","960","13.51","3"
"MAYA","2026-05-05","198","0.5076142131979695","AVOID","SIDEWAYS","WEAKENING","0.28","20","960","19.09","3"
"ASLI","2026-05-05","346","-5.46448087431694","AVOID","SIDEWAYS","LAGGING","0.24","20","960","43.19","3.01"
"TPMA","2026-05-05","550","1.8518518518518516","AVOID","NORMAL DOWNTREND","LAGGING","0.48","20","960","2.52","5.67"
"TCID","2026-05-05","2870","0","HOLD","SIDEWAYS","LAGGING","0.5","20","960","16.5","3"
"ASLC","2026-05-05","75","0","AVOID","SIDEWAYS","LAGGING","0.3","20","960","15.85","3"
"NELY","2026-05-05","308","0.6535947712418301","AVOID","NORMAL DOWNTREND","LAGGING","0.88","20","960","17.29","3"
"BIKE","2026-05-05","510","0","AVOID","NORMAL DOWNTREND","WEAKENING","0","20","960","22.11","3"
"ELIT","2026-05-05","204","0","HOLD","SIDEWAYS","LAGGING","0.36","20","960","22.37","3.02"
"ASHA","2026-05-05","77","0","AVOID","SIDEWAYS","LAGGING","0.18","20","960","35.48","3"
"MPXL","2026-05-05","169","-0.5882352941176471","HOLD","SIDEWAYS","LAGGING","0.33","20","960","23.21","3.03"
"TARA","2026-05-05","30","-6.25","AVOID","SIDEWAYS","LAGGING","0.44","20","960","10","6.67"
"LPPS","2026-05-05","86","0","HOLD","SIDEWAYS","WEAKENING","0.2","20","960","22.58","3"
"CINT","2026-05-05","200","-1.9607843137254901","AVOID","SIDEWAYS","LAGGING","0.24","20","960","22.22","3"
"TAXI","2026-05-05","17","-5.555555555555555","HOLD","SIDEWAYS","LAGGING","0.76","20","960","29.41","3"
"INCI","2026-05-05","725","0","AVOID","SIDEWAYS","LEADING","0.62","70","960","29.38","3"
"CANI","2026-05-05","160","3.225806451612903","AVOID","NORMAL UPTREND","WEAKENING","0.29","20","960","26.32","3"
"KRYA","2026-05-05","74","1.36986301369863","HOLD","SIDEWAYS","WEAKENING","0.52","20","960","19.4","3"
"POLY","2026-05-05","32","0","AVOID","SIDEWAYS","LEADING","0","70","960","51.79","3"
"SPRE","2026-05-05","92","2.2222222222222223","HOLD","SIDEWAYS","LAGGING","0.56","20","960","27.18","3"
"BNBR","2026-05-05","208","-0.9523809523809524","HOLD","NORMAL UPTREND","WEAKENING","0.31","21","958","51.98","2.98"
"GIAA","2026-05-05","67","0","AVOID","NORMAL DOWNTREND","LAGGING","0.42","21","958","43.97","3.02"
"MGLV","2026-05-05","8575","0.29239766081871343","HOLD","NORMAL UPTREND","WEAKENING","0.45","21","958","51.23","3"
"BBKP","2026-05-05","61","0","AVOID","SIDEWAYS","LAGGING","1.11","21","958","13.64","3"
"GMFI","2026-05-05","61","1.6666666666666667","AVOID","SIDEWAYS","LAGGING","0.54","21","958","25.71","3"
"INET","2026-05-05","316","4.635761589403973","AVOID","SIDEWAYS","LAGGING","0.51","21","958","31.36","2.99"
"TOBA","2026-05-05","580","2.6548672566371683","AVOID","SIDEWAYS","LAGGING","0.35","21","958","25.45","3.01"
"UANG","2026-05-05","3630","0","AVOID","SIDEWAYS","LAGGING","0.34","21","958","36.52","3.01"
"HUMI","2026-05-05","190","1.0638297872340425","AVOID","SIDEWAYS","LAGGING","0.3","21","958","30.73","3.01"
"PYFA","2026-05-05","304","1.3333333333333335","AVOID","SIDEWAYS","LAGGING","0.4","21","958","22.29","3.01"
"SAMF","2026-05-05","332","2.4691358024691357","HOLD","SIDEWAYS","LAGGING","0.11","21","958","12.14","3"
"FPNI","2026-05-05","492","0","AVOID","SIDEWAYS","WEAKENING","0.48","21","958","42.61","3"
"ELTY","2026-05-05","41","-2.380952380952381","AVOID","SIDEWAYS","LAGGING","0.46","21","958","69.57","3.02"
"DOOH","2026-05-05","181","4.022988505747127","HOLD","SIDEWAYS","WEAKENING","0.54","21","958","28.66","3"
"FAST","2026-05-05","290","0","AVOID","SIDEWAYS","LAGGING","0.3","21","958","28","3.01"
"ZATA","2026-05-05","92","-1.0752688172043012","HOLD","NORMAL UPTREND","LAGGING","0.17","21","958","37.89","3.03"
"BOAT","2026-05-05","139","0","AVOID","SIDEWAYS","LAGGING","0.52","21","958","23.42","1.68"
"REAL","2026-05-05","56","1.8181818181818181","HOLD","SIDEWAYS","WEAKENING","0.52","21","958","10.91","5"
"CASH","2026-05-05","230","-4.166666666666666","HOLD","NORMAL UPTREND","WEAKENING","0.67","21","958","22.63","3.02"
"ECII","2026-05-05","175","0.5747126436781609","AVOID","SIDEWAYS","LAGGING","0.67","21","958","14.36","3.04"
"PURI","2026-05-05","170","-0.5847953216374269","HOLD","SIDEWAYS","WEAKENING","0.18","21","958","35.79","3"
"PPGL","2026-05-05","202","1.507537688442211","AVOID","SIDEWAYS","LAGGING","0.33","21","958","23.25","3.02"
"DEFI","2026-05-05","149","-0.6666666666666667","AVOID","NORMAL DOWNTREND","WEAKENING","0.49","21","958","",""
"PICO","2026-05-05","164","2.5","HOLD","SIDEWAYS","LAGGING","1.79","21","958","26.04","3.02"
"PGUN","2026-05-05","9150","1.6666666666666667","AVOID","SIDEWAYS","LAGGING","0.41","22","956","28.39","2.24"
"BKSL","2026-05-05","106","-1.8518518518518516","AVOID","SIDEWAYS","LAGGING","0.8","22","956","20.66","3"
"SIMP","2026-05-05","735","0","AVOID","NORMAL UPTREND","LAGGING","0.25","22","956","29.3","3"
"LSIP","2026-05-05","1610","-0.6172839506172839","AVOID","NORMAL UPTREND","WEAKENING","0.46","22","956","34.19","3"
"BBMD","2026-05-05","1915","0","AVOID","NORMAL DOWNTREND","WEAKENING","0.04","22","956","1.78","3.71"
"TBLA","2026-05-05","725","-0.684931506849315","AVOID","NORMAL UPTREND","WEAKENING","0.33","22","956","15.86","3"
"ARNA","2026-05-05","490","0","AVOID","NORMAL DOWNTREND","LAGGING","0.6","22","956","8.62","2.98"
"STRK","2026-05-05","109","0","AVOID","SIDEWAYS","LAGGING","0.12","22","956","25.42","3"
"LFLO","2026-05-05","500","-8.256880733944955","AVOID","SIDEWAYS","LAGGING","1.49","22","956","16.24","1.95"
"BEER","2026-05-05","129","-0.7692307692307693","AVOID","SIDEWAYS","LAGGING","0.07","22","956","34.5","3"
"GRPM","2026-05-05","286","-4.026845637583892","AVOID","NORMAL DOWNTREND","LAGGING","1.8","22","956","29.14","2.99"
"SATU","2026-05-05","264","0","HOLD","SIDEWAYS","LAGGING","0.75","22","956","5.93","3.37"
"DFAM","2026-05-05","106","0","AVOID","SIDEWAYS","LAGGING","0.19","22","956","39.23","3.02"
"ASBI","2026-05-05","402","-4.285714285714286","AVOID","SIDEWAYS","WEAKENING","1.58","22","956","12.5","3.02"
"IKAN","2026-05-05","100","1.0101010101010102","HOLD","SIDEWAYS","LAGGING","0.23","22","956","24.75","3"
"TIRT","2026-05-05","520","0","HOLD","NORMAL UPTREND","IMPROVING","0.19","49","952","10.11","3"
"VAST","2026-05-05","134","1.5151515151515151","HOLD","NORMAL UPTREND","LEADING","4.64","84","952","32.75","3.02"
"FOOD","2026-05-05","187","-0.5319148936170213","AVOID","SIDEWAYS","IMPROVING","0.27","49","952","24.82","3"
"PANI","2026-05-05","8650","0.5813953488372093","AVOID","SIDEWAYS","LAGGING","0.9","25","950","14.74","3"
"PACK","2026-05-05","232","-0.8547008547008548","AVOID","SIDEWAYS","WEAKENING","0.88","25","950","26.98","9.63"
"ANDI","2026-05-05","25","0","AVOID","SIDEWAYS","LAGGING","0.21","25","950","10","3.33"
"PTIS","2026-05-05","308","-1.282051282051282","AVOID","SIDEWAYS","LAGGING","0.37","25","950","9.43","3.03"
"OPMS","2026-05-05","130","0.7751937984496124","HOLD","SIDEWAYS","WEAKENING","0.27","25","950","42.68","3"
"LMAX","2026-05-05","161","1.257861635220126","HOLD","SIDEWAYS","LAGGING","0.49","25","950","28.13","3.02"
"MSIN","2026-05-05","810","1.8867924528301887","AVOID","NORMAL UPTREND","LAGGING","0.4","26","948","77.38","2"
"ALII","2026-05-05","965","-3.015075376884422","HOLD","NORMAL UPTREND","WEAKENING","0.39","26","948","27.38","3"
"OASA","2026-05-05","394","-1.5","HOLD","NORMAL UPTREND","LEADING","0.52","76","948","31.62","2.99"
"MAIN","2026-05-05","855","-1.1560693641618496","AVOID","NORMAL UPTREND","LAGGING","0.88","26","948","34.65","3"
"MSKY","2026-05-05","85","1.1904761904761905","HOLD","SIDEWAYS","LAGGING","0.08","26","948","37.11","3.03"
"HDFA","2026-05-05","111","-0.8928571428571428","HOLD","SIDEWAYS","WEAKENING","0.08","26","948","31.97","3.03"
"SOSS","2026-05-05","870","8.75","AVOID","SIDEWAYS","LEADING","1.01","76","948","19.89","1.71"
"ATAP","2026-05-05","500","-0.9900990099009901","HOLD","SIDEWAYS","LEADING","0.15","76","948","30","3"
"PEGE","2026-05-05","145","0","HOLD","NORMAL DOWNTREND","LAGGING","0.22","26","948","38.65","3"
"ASPI","2026-05-05","370","-4.145077720207254","AVOID","SIDEWAYS","LAGGING","0.25","26","948","39.47","3"
"MEJA","2026-05-05","107","0","AVOID","SIDEWAYS","WEAKENING","0.22","26","948","24.75","3"
"EXCL","2026-05-05","3070","1.3201320132013201","HOLD","SIDEWAYS","LAGGING","0.55","27","946","22.12","3.01"
"BELI","2026-05-05","364","-1.6216216216216217","AVOID","NORMAL DOWNTREND","LAGGING","1.19","27","946","13.06","3.03"
"TINS","2026-05-05","3690","-2.8947368421052633","HOLD","NORMAL UPTREND","LAGGING","1.1","27","946","21.05","3"
"RAJA","2026-05-05","4490","7.9326923076923075","AVOID","SIDEWAYS","LAGGING","0.9","27","946","27.53","2.99"
"WIFI","2026-05-05","2390","1.702127659574468","AVOID","SIDEWAYS","LAGGING","0.66","27","946","18.83","3.01"
"ROTI","2026-05-05","610","-0.8130081300813009","AVOID","NORMAL DOWNTREND","LAGGING","0.27","27","946","9.94","3"
"LPCK","2026-05-05","620","-0.8","HOLD","SIDEWAYS","LAGGING","0.4","27","946","12.5","3"
"FMII","2026-05-05","256","6.666666666666667","HOLD","NORMAL DOWNTREND","LAGGING","0.28","27","946","29.03","2.98"
"SPMA","2026-05-05","208","0","HOLD","SIDEWAYS","LAGGING","0.59","27","946","8.26","2.78"
"PTPW","2026-05-05","940","-0.5291005291005291","AVOID","NORMAL UPTREND","WEAKENING","0.17","27","946","3.5","4.57"
"SMGA","2026-05-05","90","-6.25","HOLD","SIDEWAYS","LAGGING","1.48","27","946","15.73","3"
"MHKI","2026-05-05","180","-0.5524861878453038","AVOID","SIDEWAYS","LAGGING","0.17","27","946","26.73","3"
"RMKO","2026-05-05","486","1.25","AVOID","SIDEWAYS","LAGGING","0.29","27","946","25.23","11.89"
"YELO","2026-05-05","102","0","HOLD","SIDEWAYS","WEAKENING","0.09","27","946","28.07","1.56"
"KUAS","2026-05-05","117","2.631578947368421","AVOID","NORMAL UPTREND","WEAKENING","0.24","27","946","55.78","3.01"
"AIMS","2026-05-05","436","-0.45662100456621","HOLD","SIDEWAYS","WEAKENING","0.1","27","946","14.49","3.02"
"MEGA","2026-05-05","2110","0.4761904761904762","AVOID","NORMAL DOWNTREND","LAGGING","0.67","28","944","45","3"
"PMJS","2026-05-05","127","-1.550387596899225","AVOID","NORMAL UPTREND","LAGGING","0.09","28","944","29.8","3"
"BEEF","2026-05-05","195","-3.4653465346534658","AVOID","NORMAL DOWNTREND","LAGGING","1.04","28","944","32.4","3.55"
"RAAM","2026-05-05","214","-2.727272727272727","HOLD","SIDEWAYS","WEAKENING","0.27","28","944","37.39","3"
"ESTI","2026-05-05","169","1.8072289156626504","HOLD","SIDEWAYS","LAGGING","0.28","28","944","42.54","3"
"WIDI","2026-05-05","33","0","HOLD","SIDEWAYS","WEAKENING","0.47","28","944","15.15","3.2"
"FORE","2026-05-05","920","2.2222222222222223","HOLD","NORMAL UPTREND","WEAKENING","0.22","29","942","53.54","3"
"AYAM","2026-05-05","338","0.5952380952380952","HOLD","SIDEWAYS","LAGGING","1.4","29","942","11.54","1.83"
"TRON","2026-05-05","138","0.7299270072992701","HOLD","SIDEWAYS","LAGGING","0.11","29","942","44.44","3"
"APLI","2026-05-05","234","-2.5","AVOID","SIDEWAYS","LAGGING","0.43","29","942","12.27","8.15"
"POLA","2026-05-05","83","-2.3529411764705883","HOLD","NORMAL UPTREND","WEAKENING","0.52","29","942","34.57","3"
"TIRA","2026-05-05","850","0","AVOID","NORMAL DOWNTREND","IMPROVING","1.5","55","940","11.24","2.21"
"CMNT","2026-05-05","815","1.875","HOLD","SIDEWAYS","LAGGING","0.72","34","932","22.88","3"
"BULL","2026-05-05","510","0.9900990099009901","HOLD","NORMAL UPTREND","WEAKENING","0.82","34","932","28.5","3.02"
"MSJA","2026-05-05","505","-0.9803921568627451","HOLD","NORMAL UPTREND","WEAKENING","0.88","34","932","24.89","3.02"
"DLTA","2026-05-05","1990","0","HOLD","SIDEWAYS","LAGGING","0.9","34","932","3.54","4.5"
"BMSR","2026-05-05","332","3.75","HOLD","SIDEWAYS","LAGGING","0.17","34","932","20.11","3.03"
"WOWS","2026-05-05","78","-1.2658227848101267","HOLD","SIDEWAYS","WEAKENING","0.35","34","932","33.33","3"
"CHEM","2026-05-05","91","1.1111111111111112","AVOID","NORMAL DOWNTREND","LAGGING","0.16","34","932","43.66","3"
"BAUT","2026-05-05","31","-3.125","AVOID","NORMAL DOWNTREND","LAGGING","0.84","34","932","28.95","3"
"LINK","2026-05-05","1730","-3.6211699164345403","AVOID","SIDEWAYS","LAGGING","1.69","35","930","6.47","1.63"
"MITI","2026-05-05","250","0","AVOID","SIDEWAYS","LAGGING","0.56","35","930","43.32","3.01"
"BATA","2026-05-05","65","0","HOLD","SIDEWAYS","LAGGING","0.51","35","930","20.22","3"
"GEMS","2026-05-05","7875","0.9615384615384616","AVOID","NORMAL DOWNTREND","LAGGING","0.8","36","928","20.11","3"
"INPP","2026-05-05","770","0","HOLD","SIDEWAYS","WEAKENING","0.1","36","928","13.92","3"
"MBAP","2026-05-05","1670","0","AVOID","NORMAL UPTREND","LAGGING","0.45","36","928","20.05","3.01"
"RGAS","2026-05-05","88","-1.1235955056179776","HOLD","NORMAL DOWNTREND","WEAKENING","0.61","36","928","24.55","3"
"WGSH","2026-05-05","104","1.9607843137254901","AVOID","SIDEWAYS","IMPROVING","0.78","62","926","35.26","2.98"
"DVLA","2026-05-05","1600","0.3134796238244514","AVOID","SIDEWAYS","LEADING","0.65","88","924","5.36","3.5"
"LION","2026-05-05","420","1.4492753623188406","AVOID","SIDEWAYS","LEADING","0.24","88","924","37.52","3"
"CBPE","2026-05-05","302","-1.948051948051948","HOLD","SIDEWAYS","LAGGING","0.85","39","922","25.42","3.01"
"STTP","2026-05-05","9600","0","AVOID","SIDEWAYS","LAGGING","0","40","920","4.95","3.71"
"UNIC","2026-05-05","12675","1.4000000000000001","HOLD","NORMAL UPTREND","LAGGING","0.44","40","920","17.54","3"
"APLN","2026-05-05","187","-3.608247422680412","HOLD","SIDEWAYS","WEAKENING","0.53","40","920","34.73","3.02"
"MTWI","2026-05-05","310","0.6493506493506493","AVOID","NORMAL DOWNTREND","LAGGING","0.01","40","920","15.3","3.02"
"MBTO","2026-05-05","128","0.7874015748031495","HOLD","SIDEWAYS","LEADING","0.29","90","920","34.55","3.02"
"ASII","2026-05-05","5875","-3.292181069958848","AVOID","SIDEWAYS","LAGGING","1.19","41","918","14.77","3"
"ABMM","2026-05-05","2950","1.0273972602739725","AVOID","SIDEWAYS","WEAKENING","0.73","41","918","9.8","3"
"INDR","2026-05-05","2500","-4.942965779467681","AVOID","NORMAL DOWNTREND","LAGGING","1.61","41","918","5.59","3.47"
"ARTA","2026-05-05","2650","1.9230769230769231","HOLD","NORMAL DOWNTREND","LAGGING","0.04","41","918","31.3","3.01"
"BELL","2026-05-05","147","0.684931506849315","HOLD","SIDEWAYS","LAGGING","0.11","41","918","35.75","3.02"
"IGAR","2026-05-05","472","-0.8403361344537815","AVOID","SIDEWAYS","LAGGING","0.69","41","918","33.33","3"
"ERTX","2026-05-05","204","-1.9230769230769231","AVOID","SIDEWAYS","LAGGING","1.23","41","918","53.24","3.01"
"DOSS","2026-05-05","152","0","AVOID","SIDEWAYS","LEADING","0.78","91","918","12.5","3"
"CAKK","2026-05-05","165","-0.6024096385542169","HOLD","SIDEWAYS","WEAKENING","0.31","41","918","8.02","3"
"BRRC","2026-05-05","79","-1.25","HOLD","SIDEWAYS","LAGGING","0.92","41","918","31.75","3"
"EDGE","2026-05-05","4790","0","HOLD","SIDEWAYS","LEADING","0","92","916","19.81","3.01"
"MLBI","2026-05-05","5900","0.8547008547008548","HOLD","NORMAL UPTREND","LEADING","0.38","96","908","13.9","3"
"SSIA","2026-05-05","1870","8.405797101449275","HOLD","SIDEWAYS","LEADING","1.36","96","908","21.56","3.01"
"PBID","2026-05-05","530","0","HOLD","NORMAL UPTREND","LEADING","1.09","96","908","4.92","2.17"
"KEJU","2026-05-05","560","2.7522935779816518","HOLD","SIDEWAYS","LEADING","0.55","96","908","12.5","3"
"UCID","2026-05-05","400","1.0101010101010102","AVOID","NORMAL DOWNTREND","LEADING","0.27","96","908","4.73","3.86"
"GPSO","2026-05-05","360","4.651162790697675","HOLD","SIDEWAYS","LEADING","0.3","96","908","27.21","3.01"
"APII","2026-05-05","196","2.6178010471204187","AVOID","SIDEWAYS","LEADING","0.05","98","904","10.38","3"
"MTEL","2026-05-05","510","2","AVOID","NORMAL DOWNTREND","LAGGING","1.31","49","902","6.92","3.11"
"DMND","2026-05-05","635","-0.78125","AVOID","SIDEWAYS","LAGGING","0.36","49","902","20.27","3"
"ROCK","2026-05-05","2430","-1.6194331983805668","HOLD","NORMAL UPTREND","LAGGING","0.08","49","902","55.4","3"
"MLPL","2026-05-05","102","2","AVOID","NORMAL DOWNTREND","LEADING","0.43","99","902","16.56","3.04"
"JIHD","2026-05-05","496","-0.8","AVOID","SIDEWAYS","LAGGING","1.11","49","902","33.04","3"
"TBMS","2026-05-05","1380","0.36363636363636365","HOLD","NORMAL UPTREND","LEADING","0.8","99","902","9.27","3"
"DGIK","2026-05-05","143","1.4184397163120568","HOLD","SIDEWAYS","LEADING","1.21","99","902","11.26","3.24"
"IRRA","2026-05-05","390","0.5154639175257731","AVOID","SIDEWAYS","LAGGING","0.99","49","902","4.69","2"
"VRNA","2026-05-05","81","0","HOLD","NORMAL DOWNTREND","WEAKENING","0.23","49","902","30.93","3"
"SMLE","2026-05-05","130","-1.5151515151515151","HOLD","SIDEWAYS","WEAKENING","0.91","49","902","21.93","3"
"INTP","2026-05-05","5150","0.4878048780487805","AVOID","SIDEWAYS","LAGGING","0.45","50","900","20.4","3"
"PSAB","2026-05-05","510","-1.9230769230769231","HOLD","SIDEWAYS","LAGGING","0.96","50","900","17.48","2.99"
"SURE","2026-05-05","2650","-2.214022140221402","AVOID","SIDEWAYS","WEAKENING","0.33","50","900","19.68","3"
"PSGO","2026-05-05","202","1","AVOID","SIDEWAYS","LAGGING","0.8","50","900","31.75","3"
"MYOH","2026-05-05","1230","0","AVOID","NORMAL DOWNTREND","LAGGING","0.83","50","900","8.77","3"
"BEKS","2026-05-05","27","3.8461538461538463","AVOID","SIDEWAYS","LAGGING","1.04","50","900","18.18","3"
"KDTN","2026-05-05","950","0.5291005291005291","HOLD","SIDEWAYS","LAGGING","0.31","50","900","95.11","3"
"AHAP","2026-05-05","106","0","AVOID","SIDEWAYS","LAGGING","0.6","50","900","19.85","3.04"
"LRNA","2026-05-05","200","-0.9900990099009901","HOLD","SIDEWAYS","LAGGING","0.26","50","900","29.06","3"
"SSMS","2026-05-05","1400","-1.4084507042253522","HOLD","NORMAL DOWNTREND","LEADING","0.86","102","896","9.34","3.03"
"SMSM","2026-05-05","1860","2.197802197802198","AVOID","NORMAL UPTREND","LEADING","0.94","102","896","7.56","3"
"TOWR","2026-05-05","488","1.2448132780082988","AVOID","SIDEWAYS","LEADING","0.4","103","894","4.95","3.8"
"CLAY","2026-05-05","2850","0.35211267605633806","AVOID","SIDEWAYS","LEADING","0.61","103","894","26.87","3"
"TGKA","2026-05-05","4960","-3.2195121951219514","AVOID","SIDEWAYS","LAGGING","0.91","53","894","14.73","2.99"
"SDRA","2026-05-05","274","-8.666666666666668","HOLD","NORMAL DOWNTREND","LEADING","1.45","103","894","4.17","4"
"TFAS","2026-05-05","222","-0.8928571428571428","AVOID","SIDEWAYS","WEAKENING","0.35","53","894","34.15","3"
"PGAS","2026-05-05","1870","-1.0582010582010581","AVOID","SIDEWAYS","LAGGING","0.45","54","892","8.58","1.54"
"PSKT","2026-05-05","258","-0.7692307692307693","AVOID","SIDEWAYS","LEADING","0.28","104","892","39.8","2.99"
"KSIX","2026-05-05","320","-0.6211180124223602","HOLD","SIDEWAYS","LAGGING","0.08","54","892","20.67","3"
"ALKA","2026-05-05","595","-2.459016393442623","AVOID","NORMAL DOWNTREND","LAGGING","0.52","54","892","63.49","3.01"
"CARE","2026-05-05","412","0.4878048780487805","AVOID","SIDEWAYS","LEADING","0.4","105","890","32.12","3"
"FISH","2026-05-05","815","1.2422360248447204","HOLD","SIDEWAYS","WEAKENING","0.43","55","890","28.04","4.67"
"PORT","2026-05-05","895","1.1299435028248588","AVOID","SIDEWAYS","LAGGING","0.18","55","890","23.02","3"
"AMFG","2026-05-05","3210","1.2618296529968454","AVOID","SIDEWAYS","LAGGING","1.11","55","890","10.03","3"
"LABS","2026-05-05","148","0","AVOID","SIDEWAYS","LAGGING","0.83","55","890","7.84","3"
"ABBA","2026-05-05","41","-2.380952380952381","AVOID","SIDEWAYS","WEAKENING","0.56","55","890","8.89","3"
"SEMA","2026-05-05","112","0","AVOID","NORMAL DOWNTREND","WEAKENING","0.16","55","890","14.95","3"
"RUNS","2026-05-05","83","2.4691358024691357","AVOID","NORMAL DOWNTREND","LAGGING","0.32","55","890","22.77","3"
"MAPA","2026-05-05","610","-2.4","AVOID","NORMAL DOWNTREND","LAGGING","1.06","56","888","12.5","3"
"EPMT","2026-05-05","2400","0.41841004184100417","HOLD","NORMAL UPTREND","LEADING","0.5","106","888","3.83","4.33"
"SAME","2026-05-05","340","1.1904761904761905","HOLD","SIDEWAYS","LAGGING","0.59","56","888","18.97","2.98"
"HEXA","2026-05-05","4460","0.45045045045045046","HOLD","NORMAL DOWNTREND","LAGGING","0.31","56","888","5.62","3.42"
"SCCO","2026-05-05","2400","-0.4149377593360996","AVOID","SIDEWAYS","LEADING","0.36","106","888","6.28","3.27"
"WOOD","2026-05-05","298","0","AVOID","SIDEWAYS","LAGGING","0.26","56","888","9.26","3"
"BLUE","2026-05-05","3400","-1.4492753623188406","HOLD","SIDEWAYS","LEADING","0.4","106","888","47.19","3"
"VERN","2026-05-05","138","0","HOLD","SIDEWAYS","WEAKENING","0.72","56","888","25.42","3"
"GTRA","2026-05-05","254","0","HOLD","SIDEWAYS","WEAKENING","0.95","56","888","18.99","3"
"PTMP","2026-05-05","73","4.285714285714286","HOLD","SIDEWAYS","LEADING","1.42","106","888","13.98","3"
"BSIM","2026-05-05","855","-1.7241379310344827","AVOID","SIDEWAYS","LAGGING","1.73","57","886","26.99","3.02"
"MCOL","2026-05-05","3940","-1.0050251256281406","HOLD","NORMAL UPTREND","WEAKENING","0.1","57","886","15.17","3"
"CBUT","2026-05-05","830","0","AVOID","NORMAL DOWNTREND","LAGGING","0.44","57","886","17.07","3"
"RANC","2026-05-05","560","-0.8849557522123894","AVOID","SIDEWAYS","LAGGING","0.2","57","886","18.29","2.8"
"JATI","2026-05-05","105","0.9615384615384616","AVOID","SIDEWAYS","LAGGING","0.29","57","886","19.82","3"
"DGNS","2026-05-05","266","-0.7462686567164178","AVOID","SIDEWAYS","LAGGING","0.61","57","886","17.28","3"
"MPOW","2026-05-05","108","0","HOLD","NORMAL DOWNTREND","WEAKENING","0.12","57","886","32.56","3.02"
"PCAR","2026-05-05","36","-2.7027027027027026","AVOID","SIDEWAYS","LAGGING","1.47","57","886","21.74","3"
"SIPD","2026-05-05","955","-0.5208333333333333","AVOID","NORMAL UPTREND","IMPROVING","0.04","84","882","20.2","3.02"
"BBNI","2026-05-05","3920","2.083333333333333","HOLD","NORMAL DOWNTREND","LEADING","1.05","110","880","8.37","2.99"
"MKAP","2026-05-05","1085","0.4629629629629629","AVOID","SIDEWAYS","LAGGING","0.27","60","880","33.83","3.01"
"WTON","2026-05-05","90","1.1235955056179776","HOLD","SIDEWAYS","LAGGING","2.25","70","880","20.79","3"
"SBMA","2026-05-05","120","0.8403361344537815","AVOID","NORMAL DOWNTREND","LEADING","1.22","110","880","8.03","3"
"HEAL","2026-05-05","1080","-2.7027027027027026","AVOID","NORMAL DOWNTREND","LAGGING","0.42","61","878","9.56","3"
"BLTA","2026-05-05","41","0","AVOID","SIDEWAYS","LAGGING","1.29","61","878","22.45","3"
"ZINC","2026-05-05","30","0","AVOID","SIDEWAYS","LEADING","0","111","878","34.78","3"
"UFOE","2026-05-05","151","0.6666666666666667","HOLD","SIDEWAYS","WEAKENING","9.2","71","878","29","3"
"PUDP","2026-05-05","324","1.8867924528301887","HOLD","SIDEWAYS","WEAKENING","0.25","61","878","8.75","3.43"
"WINR","2026-05-05","30","0","AVOID","NORMAL DOWNTREND","LAGGING","0.55","61","878","46.67","3"
"PALM","2026-05-05","374","1.0810810810810811","AVOID","SIDEWAYS","LEADING","0.61","112","876","10.29","3.02"
"SULI","2026-05-05","104","0.9708737864077669","AVOID","SIDEWAYS","LAGGING","0.19","62","876","11.11","3"
"SMAR","2026-05-05","6375","-1.5444015444015444","HOLD","NORMAL UPTREND","WEAKENING","0.99","63","874","12.55","3"
"STAA","2026-05-05","1195","-0.4166666666666667","AVOID","NORMAL DOWNTREND","LAGGING","0.7","63","874","7.38","3.11"
"GOOD","2026-05-05","344","-2.272727272727273","AVOID","NORMAL DOWNTREND","LAGGING","1.55","63","874","7.78","3"
"IDPR","2026-05-05","302","0.6666666666666667","HOLD","SIDEWAYS","LAGGING","0.67","63","874","13.25","3"
"KOIN","2026-05-05","84","-2.3255813953488373","AVOID","SIDEWAYS","LAGGING","0.06","63","874","14.44","3"
"ESSA","2026-05-05","850","-3.4090909090909087","AVOID","NORMAL UPTREND","WEAKENING","0.37","64","872","18.62","3"
"SMDR","2026-05-05","338","0.5952380952380952","AVOID","SIDEWAYS","LAGGING","0.45","64","872","30.37","3.02"
"DOID","2026-05-05","240","-0.8264462809917356","AVOID","NORMAL DOWNTREND","LAGGING","0.89","64","872","13.21","3"
"APEX","2026-05-05","196","-0.5076142131979695","AVOID","SIDEWAYS","WEAKENING","0.29","64","872","25.19","3.02"
"RUIS","2026-05-05","224","0","AVOID","SIDEWAYS","LAGGING","0.78","64","872","35.48","3"
"RCCC","2026-05-05","104","-2.803738317757009","AVOID","SIDEWAYS","LAGGING","0.48","64","872","13.67","3"
"FILM","2026-05-05","2770","-6.101694915254238","HOLD","SIDEWAYS","LEADING","2.47","126","868","51.55","3"
"MIDI","2026-05-05","350","-1.1299435028248588","HOLD","NORMAL DOWNTREND","LEADING","1.54","116","868","7.07","1.77"
"HATM","2026-05-05","308","1.3157894736842104","HOLD","SIDEWAYS","LEADING","0.91","116","868","46.33","2.99"
"TRST","2026-05-05","492","2.5","HOLD","SIDEWAYS","LEADING","3.4","126","868","18.83","2.99"
"AMMN","2026-05-05","5175","4.545454545454546","AVOID","SIDEWAYS","LAGGING","0.7","67","866","7.84","3"
"NCKL","2026-05-05","1005","-2.898550724637681","AVOID","NORMAL DOWNTREND","LAGGING","0.88","67","866","22.73","3"
"TAPG","2026-05-05","2060","0","HOLD","NORMAL UPTREND","LAGGING","0.63","67","866","18.15","3"
"TOTO","2026-05-05","258","-1.5267175572519083","AVOID","NORMAL DOWNTREND","LAGGING","1.67","67","866","18.44","3"
"MPPA","2026-05-05","52","0","AVOID","SIDEWAYS","LAGGING","0.28","67","866","12.07","3"
"ADRO","2026-05-05","2510","0.4","HOLD","NORMAL UPTREND","LEADING","0.55","118","864","11.19","2.49"
"TKIM","2026-05-05","8500","-3.954802259887006","AVOID","SIDEWAYS","LAGGING","0.49","68","864","42.14","3"
"POWR","2026-05-05","745","1.3605442176870748","AVOID","NORMAL UPTREND","LEADING","0.48","118","864","4.9","3.71"
"MPMX","2026-05-05","1005","1.0050251256281406","AVOID","NORMAL UPTREND","LEADING","0.91","118","864","6.57","3.23"
"DADA","2026-05-05","50","0","AVOID","SIDEWAYS","LEADING","0.01","118","864","88.33","3.4"
"KLBF","2026-05-05","850","-1.7341040462427744","AVOID","NORMAL DOWNTREND","LAGGING","0.98","69","862","4.48","2.3"
"BIPI","2026-05-05","246","3.361344537815126","AVOID","NORMAL UPTREND","LAGGING","0.35","69","862","65.09","3"
"OMED","2026-05-05","270","-2.877697841726619","AVOID","NORMAL UPTREND","LAGGING","1.09","69","862","19.01","3"
"HOKI","2026-05-05","67","1.5151515151515151","HOLD","NORMAL DOWNTREND","LEADING","0.44","119","862","8.97","3"
"SCNP","2026-05-05","162","0","AVOID","NORMAL DOWNTREND","LAGGING","1.13","69","862","28.13","3.02"
"AMIN","2026-05-05","286","6.7164179104477615","HOLD","NORMAL UPTREND","LEADING","0.53","119","862","17.05","3"
"RAFI","2026-05-05","36","0","AVOID","SIDEWAYS","LEADING","0","119","862","21.05","3"
"JAYA","2026-05-05","139","-2.797202797202797","AVOID","SIDEWAYS","LAGGING","0.35","69","862","38.89","3.02"
"BCIC","2026-05-05","129","1.574803149606299","AVOID","SIDEWAYS","LEADING","1.17","120","860","17.86","3"
"PTPP","2026-05-05","254","0","AVOID","SIDEWAYS","LAGGING","0.43","70","860","21.93","3"
"PANR","2026-05-05","520","-0.9523809523809524","AVOID","SIDEWAYS","LEADING","0.51","120","860","14.53","3"
"DPUM","2026-05-05","116","0.8695652173913043","HOLD","SIDEWAYS","LAGGING","0.38","70","860","81.34","2.99"
"ASRM","2026-05-05","288","0","AVOID","SIDEWAYS","LEADING","0.43","120","860","12.43","3"
"YOII","2026-05-05","98","2.083333333333333","AVOID","SIDEWAYS","LEADING","0.38","120","860","28.46","3.03"
"VINS","2026-05-05","166","-0.5988023952095809","AVOID","SIDEWAYS","LEADING","0.82","120","860","39.66","3.02"
"BBCA","2026-05-05","5950","0.847457627118644","AVOID","NORMAL DOWNTREND","IMPROVING","1.08","96","858","12.15","1.77"
"DRMA","2026-05-05","990","-1.9801980198019802","AVOID","SIDEWAYS","WEAKENING","0.92","71","858","16.82","3"
"KMTR","2026-05-05","256","0","AVOID","NORMAL DOWNTREND","WEAKENING","0.47","71","858","18.79","3"
"BAYU","2026-05-05","1315","-0.3787878787878788","AVOID","SIDEWAYS","LAGGING","0.41","71","858","13.09","3"
"MMLP","2026-05-05","344","-0.5780346820809248","HOLD","SIDEWAYS","LEADING","0.65","123","854","13.87","2.99"
"NOBU","2026-05-05","525","0","AVOID","NORMAL DOWNTREND","LAGGING","0.51","74","852","34.12","3"
"JAST","2026-05-05","100","0","AVOID","SIDEWAYS","LAGGING","0.27","74","852","25.81","3"
"HRUM","2026-05-05","980","-1.0101010101010102","AVOID","SIDEWAYS","LAGGING","0.57","75","850","25","3"
"PBRX","2026-05-05","37","-2.631578947368421","AVOID","NORMAL DOWNTREND","LAGGING","1.76","75","850","18.75","2.78"
"ASSA","2026-05-05","780","-1.2658227848101267","AVOID","NORMAL DOWNTREND","LAGGING","1.25","76","848","19.18","3"
"LIVE","2026-05-05","230","5.5045871559633035","HOLD","SIDEWAYS","LAGGING","0.51","76","848","34.67","3.01"
"MDRN","2026-05-05","50","-1.9607843137254901","AVOID","SIDEWAYS","LAGGING","1.58","76","848","11.11","4.25"
"PART","2026-05-05","113","-1.7391304347826086","AVOID","NORMAL DOWNTREND","LAGGING","0.59","76","848","46.67","3"
"PRAY","2026-05-05","745","0","HOLD","NORMAL DOWNTREND","LEADING","0.06","127","846","13.64","3"
"PNLF","2026-05-05","248","-1.5873015873015872","HOLD","SIDEWAYS","LAGGING","0.4","81","838","20.14","3"
"BSWD","2026-05-05","1350","0","HOLD","NORMAL DOWNTREND","LAGGING","0","81","838","9.52","5.41"
"BDKR","2026-05-05","170","1.7964071856287425","HOLD","NORMAL UPTREND","LAGGING","1.21","81","838","22.78","3.02"
"ACRO","2026-05-05","75","0","HOLD","SIDEWAYS","LAGGING","0.47","81","838","28.42","3"
"BPII","2026-05-05","462","-1.282051282051282","AVOID","SIDEWAYS","WEAKENING","0.22","82","836","30.09","2.99"
"DGWG","2026-05-05","372","-1.5873015873015872","AVOID","SIDEWAYS","LAGGING","0.64","82","836","33.33","2.99"
"SMBR","2026-05-05","200","0","AVOID","NORMAL DOWNTREND","LAGGING","1.42","82","836","22.82","2.97"
"TYRE","2026-05-05","116","-0.8547008547008548","HOLD","NORMAL DOWNTREND","WEAKENING","0.37","82","836","7.03","3.11"
"CUAN","2026-05-05","1300","12.068965517241379","AVOID","NORMAL DOWNTREND","LAGGING","0.85","83","834","32.73","3.01"
"TRIN","2026-05-05","655","0.7692307692307693","AVOID","NORMAL DOWNTREND","LAGGING","0.42","83","834","25.56","3.02"
"MEDS","2026-05-05","82","5.128205128205128","HOLD","SIDEWAYS","LEADING","0.78","133","834","23.53","3"
"HRTA","2026-05-05","2640","-4","AVOID","NORMAL UPTREND","WEAKENING","1.03","84","832","26.2","3.01"
"OKAS","2026-05-05","125","0.8064516129032258","HOLD","SIDEWAYS","WEAKENING","0.78","84","832","29.93","3.02"
"BUVA","2026-05-05","1135","7.0754716981132075","AVOID","SIDEWAYS","LAGGING","1.11","85","830","24.34","1.89"
"BTEK","2026-05-05","13","-7.142857142857142","AVOID","NORMAL DOWNTREND","LAGGING","0.73","85","830","38.89","3"
"KBLI","2026-05-05","322","-0.6172839506172839","AVOID","SIDEWAYS","LAGGING","7.62","96","828","9.26","2"
"WINS","2026-05-05","565","0.8928571428571428","HOLD","NORMAL UPTREND","LEADING","1.15","138","824","21.55","3.02"
"FORU","2026-05-05","1385","5.7251908396946565","HOLD","SIDEWAYS","LEADING","0.74","138","824","39.43","3"
"SMKL","2026-05-05","159","1.2738853503184715","AVOID","SIDEWAYS","LAGGING","0.33","88","824","5.85","3.3"
"INAI","2026-05-05","184","0","AVOID","SIDEWAYS","LAGGING","0.86","88","824","52.05","3.01"
"ERAA","2026-05-05","410","-0.966183574879227","HOLD","SIDEWAYS","LAGGING","0.42","89","822","17.22","3.01"
"SMIL","2026-05-05","280","0","HOLD","NORMAL UPTREND","WEAKENING","0.24","89","822","8.06","3"
"ERAL","2026-05-05","302","0.6666666666666667","HOLD","NORMAL DOWNTREND","LAGGING","0.31","89","822","20.51","3"
"BATR","2026-05-05","93","0","HOLD","SIDEWAYS","WEAKENING","1.07","90","820","16.82","3"
"NASI","2026-05-05","152","0","AVOID","SIDEWAYS","WEAKENING","0.46","90","820","42.7","3"
"TUGU","2026-05-05","1270","2.0080321285140563","AVOID","SIDEWAYS","LEADING","0.66","141","818","9.87","3"
"MLIA","2026-05-05","264","0.7633587786259541","AVOID","NORMAL DOWNTREND","IMPROVING","0.13","116","818","6.86","3.08"
"SOFA","2026-05-05","392","-0.5076142131979695","AVOID","NORMAL DOWNTREND","LAGGING","0.4","91","818","12.17","4.83"
"FUJI","2026-05-05","324","1.25","AVOID","SIDEWAYS","LAGGING","0.55","91","818","23.67","3"
"WAPO","2026-05-05","138","0.7299270072992701","HOLD","SIDEWAYS","WEAKENING","0.19","91","818","17.89","3"
"ICBP","2026-05-05","6725","-1.1029411764705883","AVOID","NORMAL DOWNTREND","LAGGING","1.44","92","816","14.33","3"
"INTD","2026-05-05","244","-2.4","AVOID","SIDEWAYS","LAGGING","0.1","92","816","28.85","1.93"
"TRIM","2026-05-05","575","0","HOLD","SIDEWAYS","LAGGING","2.42","103","814","19.74","3"
"BBSS","2026-05-05","169","3.6809815950920246","AVOID","SIDEWAYS","IMPROVING","0.35","119","812","43.36","3.01"
"BBRI","2026-05-05","3150","3.618421052631579","AVOID","NORMAL DOWNTREND","LAGGING","0.87","96","808","13.49","2.98"
"BUMI","2026-05-05","230","0","AVOID","SIDEWAYS","LEADING","0.53","146","808","62.58","3.01"
"SILO","2026-05-05","2410","-2.82258064516129","AVOID","NORMAL DOWNTREND","LAGGING","1.68","96","808","14.64","3"
"MDIY","2026-05-05","885","-2.209944751381215","AVOID","SIDEWAYS","LEADING","0.3","146","808","3.3","2.43"
"MAPI","2026-05-05","1215","-6.177606177606178","HOLD","NORMAL DOWNTREND","WEAKENING","1.03","96","808","9.88","3"
"ISSP","2026-05-05","432","-0.9174311926605505","AVOID","SIDEWAYS","LAGGING","1.53","96","808","14.72","2.99"
"MGRO","2026-05-05","675","-1.4598540145985401","AVOID","NORMAL DOWNTREND","LAGGING","0.66","96","808","4.58","3.86"
"CSAP","2026-05-05","288","-0.6896551724137931","AVOID","NORMAL DOWNTREND","LAGGING","0.03","96","808","11.45","3"
"AMOR","2026-05-05","348","-1.694915254237288","HOLD","NORMAL DOWNTREND","WEAKENING","0.16","96","808","2.07","13.75"
"PEHA","2026-05-05","300","1.3513513513513513","HOLD","SIDEWAYS","LAGGING","0.31","96","808","4.97","3.63"
"TRUK","2026-05-05","510","-4.672897196261682","HOLD","SIDEWAYS","WEAKENING","0.05","96","808","24.49","3.02"
"RISE","2026-05-05","1625","-0.6116207951070336","AVOID","NORMAL DOWNTREND","LAGGING","0.36","97","806","19.5","6.53"
"SUNI","2026-05-05","625","0.8064516129032258","AVOID","NORMAL DOWNTREND","LAGGING","0.54","98","804","8.43","3"
"LAJU","2026-05-05","81","-1.2195121951219512","AVOID","SIDEWAYS","LAGGING","0.17","98","804","43.33","3"
"CPIN","2026-05-05","4090","0","AVOID","NORMAL DOWNTREND","LAGGING","0.22","99","802","1.99","2.44"
"BBRM","2026-05-05","150","0.6711409395973155","HOLD","SIDEWAYS","LAGGING","0.23","99","802","28.17","3.01"
"PGJO","2026-05-05","800","-0.6211180124223602","HOLD","NORMAL DOWNTREND","WEAKENING","0.76","99","802","10.2","3.55"
"BANK","2026-05-05","600","-6.25","HOLD","SIDEWAYS","LEADING","1.08","152","796","15.98","3"
"AADI","2026-05-05","10525","-4.100227790432802","AVOID","NORMAL UPTREND","WEAKENING","0.77","103","794","13.48","3"
"BUKA","2026-05-05","148","-0.6711409395973155","AVOID","NORMAL DOWNTREND","LAGGING","0.33","103","794","3.75","2"
"LPKR","2026-05-05","83","2.4691358024691357","AVOID","SIDEWAYS","WEAKENING","0.41","103","794","36.72","3.02"
"GOLF","2026-05-05","193","0","HOLD","SIDEWAYS","LAGGING","0.49","103","794","49.01","3.01"
"MAHA","2026-05-05","150","-0.6622516556291391","HOLD","SIDEWAYS","LAGGING","0.69","103","794","24.3","3"
"KBLV","2026-05-05","118","0","AVOID","NORMAL DOWNTREND","WEAKENING","0.75","103","794","9.94","3.61"
"MIKA","2026-05-05","1900","-0.7832898172323759","AVOID","NORMAL DOWNTREND","LAGGING","1.02","104","792","21.43","3"
"IKBI","2026-05-05","550","-1.7857142857142856","AVOID","SIDEWAYS","WEAKENING","0.34","104","792","9.45","2.98"
"KIOS","2026-05-05","109","0","AVOID","SIDEWAYS","LAGGING","0.21","104","792","34.21","3"
"KEEN","2026-05-05","925","4.519774011299435","AVOID","NORMAL DOWNTREND","WEAKENING","0.78","105","790","23.74","3"
"LUCY","2026-05-05","1845","8.529411764705882","HOLD","NORMAL UPTREND","LEADING","0.63","155","790","51.55","3"
"IFII","2026-05-05","222","0.9090909090909091","AVOID","SIDEWAYS","LAGGING","0.09","105","790","24.83","2.99"
"TOSK","2026-05-05","65","-1.5151515151515151","HOLD","SIDEWAYS","LAGGING","0.5","105","790","35.96","3"
"MSTI","2026-05-05","1380","2.6022304832713754","AVOID","SIDEWAYS","LAGGING","1.05","106","788","3.81","4.36"
"BWPT","2026-05-05","135","1.5037593984962405","HOLD","SIDEWAYS","LAGGING","0.53","106","788","12.88","3"
"NRCA","2026-05-05","630","5","AVOID","NORMAL DOWNTREND","LAGGING","0.42","106","788","20.45","2.96"
"BLES","2026-05-05","158","-3.067484662576687","AVOID","NORMAL UPTREND","WEAKENING","0.52","106","788","9.3","3"
"PTPS","2026-05-05","168","0","AVOID","NORMAL DOWNTREND","LAGGING","0.62","106","788","11.27","3.04"
"ZYRX","2026-05-05","145","0.6944444444444444","HOLD","SIDEWAYS","WEAKENING","0.47","106","788","12","3"
"JKON","2026-05-05","78","-1.2658227848101267","HOLD","SIDEWAYS","LEADING","0.54","158","784","8.05","3"
"SAPX","2026-05-05","250","0.8064516129032258","AVOID","SIDEWAYS","LEADING","0.32","159","782","20.45","3.03"
"CTRA","2026-05-05","680","0.7407407407407408","AVOID","SIDEWAYS","LAGGING","0.6","110","780","10.64","3"
"BTPS","2026-05-05","990","1.5384615384615385","AVOID","NORMAL DOWNTREND","LAGGING","1.25","110","780","5.37","3.54"
"AISA","2026-05-05","123","1.6528925619834711","AVOID","NORMAL DOWNTREND","LAGGING","0.66","110","780","16.99","3.04"
"INRU","2026-05-05","590","0","AVOID","NORMAL DOWNTREND","LEADING","0","160","780","9.46","3"
"MPRO","2026-05-05","9225","0","AVOID","SIDEWAYS","LEADING","0","161","778","79.64","3"
"TAMU","2026-05-05","30","7.142857142857142","AVOID","SIDEWAYS","LAGGING","0.9","111","778","63.77","3.02"
"AXIO","2026-05-05","116","0","AVOID","SIDEWAYS","LAGGING","1.23","111","778","3.1","5"
"WINE","2026-05-05","182","0","AVOID","SIDEWAYS","LAGGING","0.9","111","778","8.17","3.06"
"IKPM","2026-05-05","199","-2.450980392156863","AVOID","SIDEWAYS","LAGGING","0.53","111","778","25.19","3"
"MDKA","2026-05-05","3100","-3.125","AVOID","NORMAL UPTREND","LAGGING","0.81","112","776","32.05","3.01"
"MBMA","2026-05-05","615","-8.88888888888889","AVOID","NORMAL DOWNTREND","LAGGING","1.46","112","776","32.26","3"
"CTBN","2026-05-05","5325","0","AVOID","NORMAL DOWNTREND","LAGGING","0.04","112","776","20.15","3"
"DKHH","2026-05-05","75","1.3513513513513513","AVOID","NORMAL UPTREND","LAGGING","1.1","113","774","30.17","3.03"
"KRAS","2026-05-05","280","-1.4084507042253522","AVOID","SIDEWAYS","LAGGING","0.49","116","768","7.89","3"
"KIJA","2026-05-05","178","-0.5586592178770949","AVOID","SIDEWAYS","LAGGING","0.26","116","768","48.87","3.01"
"ASRI","2026-05-05","131","0","AVOID","SIDEWAYS","LAGGING","0.39","116","768","10.17","3.06"
"ADHI","2026-05-05","204","-0.9708737864077669","HOLD","NORMAL UPTREND","LEADING","0.6","166","768","2.31","6.33"
"ANTM","2026-05-05","3690","-2.8947368421052633","AVOID","NORMAL UPTREND","LAGGING","1.06","118","764","26.23","3"
"GWSA","2026-05-05","151","0.6666666666666667","HOLD","SIDEWAYS","WEAKENING","0.34","118","764","12.65","3.05"
"KREN","2026-05-05","16","-5.88235294117647","AVOID","NORMAL DOWNTREND","LAGGING","0.51","118","764","39.13","3"
"SDPC","2026-05-05","189","-2.072538860103627","HOLD","SIDEWAYS","LAGGING","1","118","764","21.81","3.02"
"KARW","2026-05-05","288","-1.36986301369863","AVOID","SIDEWAYS","LAGGING","0.46","118","764","5.79","10.91"
"HADE","2026-05-05","19","0","AVOID","SIDEWAYS","LAGGING","0.21","118","764","18.52","4.2"
"NICL","2026-05-05","850","-3.4090909090909087","AVOID","SIDEWAYS","LAGGING","0.67","119","762","48.1","3.01"
"BGTG","2026-05-05","123","2.5","HOLD","SIDEWAYS","LAGGING","0.48","119","762","26.39","3"
"VICO","2026-05-05","162","-2.4096385542168677","HOLD","NORMAL DOWNTREND","WEAKENING","0.13","119","762","8.49","3"
"GDST","2026-05-05","105","0","AVOID","SIDEWAYS","LAGGING","0.39","119","762","14.93","3"
"CNMA","2026-05-05","102","-0.9708737864077669","AVOID","NORMAL DOWNTREND","LAGGING","0.4","120","760","11.72","3"
"CPRO","2026-05-05","58","1.7543859649122806","HOLD","SIDEWAYS","WEAKENING","0.37","120","760","31.4","3"
"MNCN","2026-05-05","234","-2.5","AVOID","NORMAL DOWNTREND","LAGGING","0.43","120","760","9.29","3"
"BVIC","2026-05-05","104","-0.9523809523809524","AVOID","SIDEWAYS","LAGGING","0.48","120","760","25.18","3"
"ASJT","2026-05-05","189","-1.0471204188481675","AVOID","SIDEWAYS","LAGGING","0.69","120","760","61.81","3"
"BUDI","2026-05-05","210","-0.9433962264150944","AVOID","SIDEWAYS","LAGGING","0.5","123","754","2.78","5.33"
"UNTD","2026-05-05","85","-1.1627906976744187","AVOID","NORMAL DOWNTREND","WEAKENING","0.87","123","754","41.46","3"
"HILL","2026-05-05","20","0","AVOID","SIDEWAYS","LAGGING","0.76","123","754","24.18","3"
"EMDE","2026-05-05","78","-1.2658227848101267","HOLD","NORMAL DOWNTREND","WEAKENING","0.2","123","754","20","3"
"BHAT","2026-05-05","1400","-0.3558718861209964","AVOID","SIDEWAYS","LEADING","1.05","174","752","20.09","3"
"CMNP","2026-05-05","1535","-1.6025641025641024","AVOID","NORMAL UPTREND","WEAKENING","0.17","126","748","27.2","3.61"
"DATA","2026-05-05","2050","0.9852216748768473","HOLD","SIDEWAYS","IMPROVING","0.15","151","748","16.63","3"
"TBIG","2026-05-05","1705","0","AVOID","SIDEWAYS","LAGGING","0.16","127","746","34.34","2.99"
"BACA","2026-05-05","136","0","HOLD","SIDEWAYS","WEAKENING","0.45","127","746","46.83","2.99"
"GZCO","2026-05-05","228","8.571428571428571","AVOID","NORMAL DOWNTREND","WEAKENING","0.86","127","746","80.96","3"
"COCO","2026-05-05","318","1.9230769230769231","AVOID","NORMAL DOWNTREND","LAGGING","0.33","127","746","56.31","3"
"BPTR","2026-05-05","85","0","AVOID","SIDEWAYS","LAGGING","0.11","127","746","7.69","3"
"AVIA","2026-05-05","390","-0.5102040816326531","HOLD","SIDEWAYS","LEADING","0.35","181","738","10.04","2.98"
"PLAN","2026-05-05","53","0","AVOID","SIDEWAYS","WEAKENING","0.15","132","736","18.87","3"
"GPRA","2026-05-05","112","-1.7543859649122806","HOLD","NORMAL DOWNTREND","WEAKENING","1.11","133","734","6.02","3.38"
"YULE","2026-05-05","3320","0.911854103343465","HOLD","SIDEWAYS","LAGGING","0.04","134","732","18.44","3"
"BSML","2026-05-05","408","-0.4878048780487805","HOLD","NORMAL UPTREND","WEAKENING","0.57","134","732","20.47","3"
"UNTR","2026-05-05","28750","-1.202749140893471","AVOID","SIDEWAYS","LAGGING","0.85","137","726","7.05","3.07"
"MMIX","2026-05-05","316","5.333333333333334","HOLD","NORMAL UPTREND","WEAKENING","0.85","137","726","11.48","1.57"
"ADMG","2026-05-05","206","-2.8301886792452833","HOLD","SIDEWAYS","WEAKENING","0.24","138","724","13.56","3.04"
"DNET","2026-05-05","9400","-0.5291005291005291","HOLD","NORMAL UPTREND","LAGGING","0.24","140","720","3.34","4.67"
"BBHI","2026-05-05","1225","-1.2096774193548387","AVOID","NORMAL DOWNTREND","LAGGING","0.16","141","718","5.86","3.33"
"PWON","2026-05-05","316","0","AVOID","NORMAL DOWNTREND","LAGGING","0.84","141","718","2.84","2.8"
"AGRO","2026-05-05","185","2.7777777777777777","AVOID","SIDEWAYS","LAGGING","0.2","141","718","16.94","3"
"BBYB","2026-05-05","302","0","AVOID","SIDEWAYS","LAGGING","0.59","141","718","35.93","3"
"RONY","2026-05-05","1565","-5.151515151515151","AVOID","SIDEWAYS","LAGGING","0.47","141","718","9.72","2.87"
"MINE","2026-05-05","342","-0.5813953488372093","AVOID","SIDEWAYS","LAGGING","0.49","141","718","2.48","4.25"
"DART","2026-05-05","155","-1.2738853503184715","HOLD","SIDEWAYS","WEAKENING","0.23","141","718","20.09","3.02"
"INPS","2026-05-05","695","-4.137931034482759","AVOID","NORMAL UPTREND","WEAKENING","1.22","141","718","49.07","3.01"
"CSIS","2026-05-05","182","0","HOLD","SIDEWAYS","LAGGING","0.38","141","718","33.09","2.99"
"MUTU","2026-05-05","104","-0.9523809523809524","HOLD","SIDEWAYS","WEAKENING","0.05","141","718","28.47","3"
"TSPC","2026-05-05","2420","-0.819672131147541","AVOID","SIDEWAYS","LAGGING","1.67","144","712","3.97","4.18"
"DMMX","2026-05-05","220","0","HOLD","SIDEWAYS","LAGGING","0.14","145","710","18.23","3.03"
"GTBO","2026-05-05","208","0","AVOID","SIDEWAYS","LAGGING","0.71","145","710","31.21","2.99"
"EMTK","2026-05-05","815","0","AVOID","NORMAL DOWNTREND","LAGGING","0.5","146","708","19.72","3"
"BIRD","2026-05-05","1560","0","AVOID","NORMAL DOWNTREND","LAGGING","1.56","146","708","5.79","3.38"
"DEWA","2026-05-05","510","3.2388663967611335","AVOID","NORMAL UPTREND","LAGGING","0.67","147","706","44.55","3"
"MICE","2026-05-05","510","0","AVOID","SIDEWAYS","LEADING","0.07","197","706","9.72","3.04"
"TEBE","2026-05-05","1255","0.4","AVOID","SIDEWAYS","LAGGING","0.16","148","704","23","3.01"
"GUNA","2026-05-05","222","1.834862385321101","HOLD","SIDEWAYS","LAGGING","0.56","148","704","6.21","3.33"
"RICY","2026-05-05","94","0","AVOID","SIDEWAYS","WEAKENING","0.23","148","704","44.57","3.02"
"IMPC","2026-05-05","2250","0.8968609865470852","HOLD","SIDEWAYS","LAGGING","0.53","151","698","93.56","3"
"LCKM","2026-05-05","126","-5.263157894736842","AVOID","NORMAL DOWNTREND","WEAKENING","0.36","151","698","24.82","3"
"BSBK","2026-05-05","62","3.3333333333333335","AVOID","NORMAL DOWNTREND","LAGGING","0.28","152","696","27.59","3"
"IPOL","2026-05-05","124","-3.125","HOLD","SIDEWAYS","LAGGING","0.95","152","696","27.34","3.03"
"PJAA","2026-05-05","498","0.4032258064516129","AVOID","NORMAL DOWNTREND","LAGGING","0.04","152","696","28.41","3.01"
"MANG","2026-05-05","54","3.8461538461538463","AVOID","NORMAL UPTREND","WEAKENING","0.45","153","694","37.97","3"
"CAMP","2026-05-05","199","-0.5","AVOID","SIDEWAYS","WEAKENING","0.78","154","692","7.21","3"
"BREN","2026-05-05","4730","2.8260869565217392","AVOID","NORMAL DOWNTREND","IMPROVING","0.73","181","688","21.03","3"
"SLIS","2026-05-05","86","2.380952380952381","HOLD","SIDEWAYS","LAGGING","3.16","166","688","19.28","3"
"NICE","2026-05-05","320","0.628930817610063","HOLD","NORMAL UPTREND","LAGGING","0.66","158","684","7.01","3.07"
"MENN","2026-05-05","53","0","AVOID","NORMAL UPTREND","LEADING","0","209","682","20","3"
"YUPI","2026-05-05","1525","-0.974025974025974","HOLD","NORMAL DOWNTREND","LAGGING","0.4","160","680","4.18","4.43"
"AMAR","2026-05-05","199","0.5050505050505051","AVOID","SIDEWAYS","LEADING","0.33","210","680","15.22","3.03"
"HAIS","2026-05-05","189","-2.072538860103627","AVOID","NORMAL DOWNTREND","LAGGING","1.5","161","678","19.26","3.02"
"MTPS","2026-05-05","81","0","HOLD","SIDEWAYS","LEADING","0","211","678","29.09","3"
"TLKM","2026-05-05","2880","-0.34602076124567477","AVOID","NORMAL DOWNTREND","LAGGING","0.68","162","676","23.51","2.99"
"INDF","2026-05-05","6950","0","AVOID","SIDEWAYS","LAGGING","0.63","162","676","8.39","3"
"KPIG","2026-05-05","112","0","AVOID","SIDEWAYS","LAGGING","0.19","162","676","5.71","3.38"
"KDSI","2026-05-05","456","3.6363636363636362","HOLD","SIDEWAYS","LAGGING","1.03","162","676","4.33","3.9"
"SNLK","2026-05-05","230","0.8771929824561403","AVOID","NORMAL DOWNTREND","LAGGING","1.07","162","676","3.38","10.07"
"SKLT","2026-05-05","222","0","AVOID","SIDEWAYS","LAGGING","1.59","166","668","42.59","3"
"SGRO","2026-05-05","4280","0.9433962264150944","AVOID","NORMAL DOWNTREND","LAGGING","0.88","167","666","37.58","3"
"BIMA","2026-05-05","82","0","HOLD","SIDEWAYS","LEADING","0","218","664","55.17","3.02"
"CSRA","2026-05-05","910","-2.1505376344086025","AVOID","SIDEWAYS","LAGGING","0.63","169","662","12.71","3"
"CCSI","2026-05-05","268","-1.4705882352941175","HOLD","NORMAL DOWNTREND","WEAKENING","0.9","172","656","4","4.29"
"TRGU","2026-05-05","186","0.5405405405405406","AVOID","SIDEWAYS","LEADING","1.28","223","654","12.23","3.04"
"JECC","2026-05-05","900","-1.639344262295082","AVOID","SIDEWAYS","LAGGING","0.44","173","654","22.91","3"
"INTA","2026-05-05","76","0","HOLD","SIDEWAYS","LAGGING","0.29","174","652","20.45","3"
"GLVA","2026-05-05","340","1.1904761904761905","AVOID","SIDEWAYS","LAGGING","0.5","176","648","33.33","3.01"
"MDKI","2026-05-05","192","0","AVOID","SIDEWAYS","LAGGING","0.27","179","642","11.39","3.04"
"GLOB","2026-05-05","155","0","HOLD","NORMAL UPTREND","LEADING","0","232","636","10.53","7.83"
"GRIA","2026-05-05","100","0","AVOID","NORMAL DOWNTREND","WEAKENING","1.35","187","626","47.3","3"
"ITIC","2026-05-05","256","0","AVOID","SIDEWAYS","LAGGING","0.45","187","626","31.65","3.01"
"DPNS","2026-05-05","310","0","AVOID","SIDEWAYS","LEADING","0","238","624","22.52","2.99"
"MCAS","2026-05-05","334","1.2121212121212122","AVOID","NORMAL DOWNTREND","IMPROVING","0.3","215","620","25.76","3"
"LPGI","2026-05-05","700","0","HOLD","SIDEWAYS","LAGGING","1.3","195","610","47.27","7.64"
"PTSN","2026-05-05","308","0","AVOID","SIDEWAYS","LEADING","0.53","245","610","56.33","3"
"DSSA","2026-05-05","1485","-2.622950819672131","AVOID","NORMAL DOWNTREND","LAGGING","1.13","201","598","12.07","3"
"PPRI","2026-05-05","183","1.6666666666666667","HOLD","SIDEWAYS","LAGGING","0.18","207","586","76.27","2.99"
"CHIP","2026-05-05","1020","0.49261083743842365","AVOID","NORMAL DOWNTREND","LAGGING","1.09","209","582","15.67","2.46"
"BYAN","2026-05-05","11175","-2.1881838074398248","AVOID","NORMAL DOWNTREND","LAGGING","0.33","214","572","1.78","2.54"
"MTFN","2026-05-05","23","4.545454545454546","AVOID","SIDEWAYS","LAGGING","0.29","218","564","50","3"
"BINA","2026-05-05","4070","0.24630541871921183","AVOID","NORMAL DOWNTREND","LAGGING","0.33","221","558","6.22","3.21"
"MARI","2026-05-05","30","0","AVOID","SIDEWAYS","LAGGING","0.14","225","550","50","3"
"GOLD","2026-05-05","280","-1.4084507042253522","AVOID","SIDEWAYS","WEAKENING","9.07","239","542","12.5","3"
"MLPT","2026-05-05","20425","-3.084223013048636","AVOID","NORMAL DOWNTREND","LAGGING","0.52","231","538","72.73","3"
"SURI","2026-05-05","76","-2.564102564102564","HOLD","NORMAL DOWNTREND","WEAKENING","0.26","232","536","38.41","3.02"
"MKTR","2026-05-05","125","-0.7936507936507936","AVOID","SIDEWAYS","LAGGING","0.18","245","510","39.31","3"
"PNSE","2026-05-05","610","-3.937007874015748","AVOID","NORMAL DOWNTREND","LAGGING","0.05","245","510","29.38","3"
"BPFI","2026-05-05","268","0","HOLD","NORMAL DOWNTREND","LAGGING","0.56","246","508","31.84","3"
"SPTO","2026-05-05","610","0.8264462809917356","AVOID","NORMAL DOWNTREND","LAGGING","1.68","253","494","8.03","3"
"WMUU","2026-05-05","72","2.857142857142857","AVOID","NORMAL UPTREND","WEAKENING","0.26","256","488","46.67","3"
"SICO","2026-05-05","128","3.225806451612903","AVOID","SIDEWAYS","LEADING","5.88","316","488","34.81","3"
"KIAS","2026-05-05","21","0","HOLD","SIDEWAYS","LEADING","0","307","486","10.53","3"
"PRIM","2026-05-05","79","-1.25","AVOID","SIDEWAYS","WEAKENING","0.31","257","486","40","3"
"MDLN","2026-05-05","55","0","AVOID","NORMAL DOWNTREND","WEAKENING","0.59","267","466","19.67","3"
"MKPI","2026-05-05","21850","-1.3544018058690745","AVOID","NORMAL DOWNTREND","LAGGING","0.96","273","454","11.73","3"
"SWAT","2026-05-05","16","0","AVOID","SIDEWAYS","LEADING","0","329","442","32.14","3"
"VTNY","2026-05-05","71","0","HOLD","SIDEWAYS","WEAKENING","0.97","286","428","10.84","3"
"NFCX","2026-05-05","1745","-1.4124293785310735","AVOID","SIDEWAYS","WEAKENING","0.31","288","424","13.85","3"
"TGRA","2026-05-05","27","0","AVOID","SIDEWAYS","LEADING","0","343","414","13.89","3"
"TGUK","2026-05-05","137","0","HOLD","NORMAL UPTREND","LEADING","0","347","406","64.96","3"
"PMMP","2026-05-05","50","0","AVOID","SIDEWAYS","LEADING","0","364","372","16.95","3"
"SQMI","2026-05-05","52","-1.8867924528301887","AVOID","NORMAL UPTREND","LAGGING","1.1","323","354","16.67","3"
"PTMR","2026-05-05","374","0","HOLD","NORMAL UPTREND","LEADING","0","385","330","9.09","3"
"ALTO","2026-05-05","18","0","AVOID","SIDEWAYS","LEADING","0","385","330","27.27","3"
"MTMH","2026-05-05","960","-3.0303030303030303","AVOID","NORMAL DOWNTREND","LAGGING","0.06","336","328","5.71","2.6"
"HITS","2026-05-05","116","0","AVOID","SIDEWAYS","LEADING","0","431","238","24.18","3.02"
"WIKA","2026-05-05","204","0","AVOID","NORMAL DOWNTREND","LEADING","0","447","206","15.2","4.63"
"ZBRA","2026-05-05","50","0","AVOID","SIDEWAYS","LEADING","0","459","182","14.08","5.7"
"PLIN","2026-05-05","2510","0","AVOID","SIDEWAYS","LEADING","0","480","140","12.63","3"
"BEBS","2026-05-05","5","0","AVOID","SIDEWAYS","LEADING","0","481","138","33.33","2"
"MYTX","2026-05-05","63","8.620689655172415","HOLD","NORMAL UPTREND","LEADING","0.33","483","134","45.95","3"
"FIMP","2026-05-05","69","0","AVOID","NORMAL DOWNTREND","LEADING","0","494","112","8.89","2.5"
"SUPR","2026-05-05","43850","0","AVOID","NORMAL UPTREND","LEADING","0","","100","",""
"FASW","2026-05-05","5275","0","AVOID","SIDEWAYS","LEADING","0","","100","",""
"WICO","2026-05-05","123","0","AVOID","NORMAL UPTREND","LEADING","0","","100","",""
"TELE","2026-05-05","9","0","HOLD","SIDEWAYS","LEADING","0","","100","",""
"TOPS","2026-05-05","1","0","AVOID","SIDEWAYS","LEADING","0","","100","",""
"MKNT","2026-05-05","1","0","AVOID","SIDEWAYS","LEADING","0","","100","",""
"MTSM","2026-05-05","500","0","HOLD","SIDEWAYS","LEADING","0","510","80","90.07","3"
"LMSH","2026-05-05","256","0","AVOID","SIDEWAYS","LEADING","0","510","80","10.5","2.98"
"RSGK","2026-05-05","1300","-5.454545454545454","AVOID","NORMAL UPTREND","WEAKENING","0.15","476","48","16.22","3"
"MFMI","2026-05-05","1300","0","HOLD","SIDEWAYS","LEADING","0","557","-14","20.91","3"
"ALMI","2026-05-05","74","0","AVOID","SIDEWAYS","LEADING","0","564","-28","17.33","9.15"
"PTDU","2026-05-05","70","0","AVOID","SIDEWAYS","LEADING","0","564","-28","54.55","3"
"SMCB","2026-05-05","775","0","HOLD","SIDEWAYS","LEADING","0","572","-44","8.57","3"
"SFAN","2026-05-05","1960","0.5128205128205128","HOLD","NORMAL UPTREND","LEADING","1.06","608","-116","1.37","9.2"
"PPRO","2026-05-05","20","-4.761904761904762","AVOID","NORMAL UPTREND","LAGGING","1.17","573","-146","41.67","3"
"IPPE","2026-05-05","14","0","HOLD","SIDEWAYS","LEADING","0","634","-168","16.67","3"
"INAF","2026-05-05","126","0","AVOID","SIDEWAYS","LEADING","0","713","-326","13.76","2.98"